FIPSCode,deathsTotal,deathsTotalMonthly,deathsDiffAbs,deathsDiffPct
01001,2652,2652,0,0
01003,10895,10895,0,0
01005,1517,1517,0,0
01007,1288,1288,0,0
01009,3429,3429,0,0
01011,608,408,46,0.696969696969697
01013,1309,1301,8,0.03389830508474567
01015,7415,7415,0,0
01017,2193,2193,0,0
01019,1783,1783,0,0
01021,2528,2528,0,0
01023,914,898,9,0.0494505494505495
01025,1541,1541,0,0
01027,906,903,3,0.01863354037267073
01029,974,941,17,0.10897435897435903
01031,2696,2696,0,0
01033,3688,3688,0,0
01035,900,883,9,0.0625
01037,731,645,31,0.30097087378640786
01039,2730,2730,0,0
01041,924,872,26,0.17105263157894735
01043,5255,5255,0,0
01045,2685,2685,0,0
01047,2663,2663,0,0
01049,4123,4123,0,0
01051,3990,3990,0,0
01053,2437,2437,0,0
01055,7086,7086,0,0
01057,1165,1156,9,0.04326923076923084
01059,1874,1874,0,0
01061,1842,1842,0,0
01063,546,281,68,1.8888888888888888
01065,958,923,18,0.11764705882352944
01067,1122,1122,0,0
01069,5678,5678,0,0
01071,3605,3605,0,0
01073,36321,36321,0,0
01075,973,942,13,0.09219858156028371
01077,5649,5649,0,0
01079,2071,2071,0,0
01081,5468,5468,0,0
01083,4097,4097,0,0
01085,697,577,38,0.37254901960784315
01087,1239,1239,0,0
01089,16203,16203,0,0
01091,1377,1377,0,0
01093,2114,2114,0,0
01095,5755,5755,0,0
01097,22064,22064,0,0
01099,1344,1344,0,0
01101,10701,10701,0,0
01103,6861,6861,0,0
01105,634,463,48,0.6153846153846154
01107,1248,1237,6,0.026431718061673992
01109,1596,1596,0,0
01111,1547,1547,0,0
01113,3203,3203,0,0
01115,4764,4764,0,0
01117,7497,7497,0,0
01119,800,724,31,0.26956521739130435
01121,5094,5094,0,0
01123,2741,2741,0,0
01125,8847,8847,0,0
01127,5174,5174,0,0
01129,1019,1002,9,0.051724137931034475
01131,736,628,30,0.26086956521739135
01133,1589,1589,0,0
02010,NA,0,NA,NA
02020,8662,8662,0,0
02050,608,450,49,0.765625
02060,NA,0,NA,NA
02070,NA,0,NA,NA
02090,2408,2408,0,0
02100,67,0,17,Inf
02110,959,927,9,0.05232558139534893
02122,2293,2293,0,0
02140,279,0,64,Inf
02150,310,31,65,Inf
02158,307,32,60,Inf
02170,3056,3056,0,0
02180,371,96,74,Inf
02185,274,0,65,Inf
02195,1190,1092,68,5.230769230769231
02220,308,0,70,Inf
02232,NA,0,NA,NA
02240,NA,60,NA,NA
02261,301,0,68,Inf
04001,3555,3555,0,0
04003,6771,6771,0,0
04005,4276,4276,0,0
04007,3951,3951,0,0
04009,1460,1460,0,0
04011,318,20,67,Inf
04013,156323,156323,0,0
04015,16444,16444,0,0
04017,5356,5356,0,0
04019,48184,48184,0,0
04021,15637,15637,0,0
04023,1509,1509,0,0
04025,15224,15224,0,0
04027,9212,18408,-251,-0.1492271105826397
05001,1240,1240,0,0
05003,1320,1320,0,0
05005,3460,3460,0,0
05007,9337,9337,0,0
05009,2295,2295,0,0
05011,745,660,29,0.25217391304347836
05013,381,76,70,Inf
05015,1651,1651,0,0
05017,776,714,23,0.18399999999999994
05019,1226,1219,7,0.02892561983471076
05021,1218,1218,0,0
05023,1915,1915,0,0
05025,548,304,56,1.12
05027,1472,1472,0,0
05029,1396,1396,0,0
05031,4737,4737,0,0
05033,3221,3221,0,0
05035,2579,2579,0,0
05037,1181,1181,0,0
05039,555,296,69,1.725
05041,817,767,24,0.2016806722689075
05043,1058,1058,0,0
05045,4968,4968,0,0
05047,1163,1163,0,0
05049,930,887,20,0.15267175572519087
05051,7116,7116,0,0
05053,1015,982,16,0.09302325581395343
05055,2523,2523,0,0
05057,1221,1221,0,0
05059,2163,2163,0,0
05061,886,835,17,0.09929078014184389
05063,2088,2088,0,0
05065,1017,1000,9,0.04761904761904767
05067,1152,1152,0,0
05069,4237,4237,0,0
05071,1386,1386,0,0
05073,490,222,65,2.5454545454545454
05075,1218,1218,0,0
05077,591,345,56,1.0980392156862746
05079,723,629,33,0.3173076923076923
05081,866,824,17,0.12056737588652489
05083,1461,1461,0,0
05085,3479,3479,0,0
05087,968,952,9,0.054878048780487854
05089,1312,1312,0,0
05091,2542,2542,0,0
05093,2612,2612,0,0
05095,615,412,61,1.2708333333333335
05097,703,577,37,0.4204545454545454
05099,595,381,49,0.8305084745762712
05101,491,190,70,3.05
05103,1742,1742,0,0
05105,642,482,41,0.4555555555555555
05107,1282,1282,0,0
05109,693,578,33,0.4125000000000001
05111,1741,1741,0,0
05113,1397,1397,0,0
05115,3048,3048,0,0
05117,549,329,57,1.1400000000000001
05119,18834,18834,0,0
05121,1259,1259,0,0
05123,1366,1366,0,0
05125,5827,5827,0,0
05127,676,543,40,0.4878048780487805
05129,601,431,52,0.8
05131,6545,6545,0,0
05133,795,751,20,0.15873015873015883
05135,1444,1444,0,0
05137,855,808,17,0.12056737588652489
05139,2633,2633,0,0
05141,1230,1221,9,0.03585657370517925
05143,8201,8201,0,0
05145,4301,4301,0,0
05147,526,257,73,2.8076923076923075
05149,1339,1339,0,0
06001,49873,49873,0,0
06003,102,0,32,Inf
06005,2213,2213,0,0
06007,11993,11993,0,0
06009,2547,2547,0,0
06011,819,764,16,0.11111111111111116
06013,39317,39317,0,0
06015,1522,1522,0,0
06017,7883,7883,0,0
06019,34532,34532,0,0
06021,1320,1320,0,0
06023,6751,6751,0,0
06025,5551,5551,0,0
06027,1070,1070,0,0
06029,30523,30523,0,0
06031,4286,4286,0,0
06033,4391,4391,0,0
06035,1249,1249,0,0
06037,318200,318200,0,0
06039,5536,5536,0,0
06041,9774,9774,0,0
06043,1019,997,8,0.04395604395604402
06045,4284,4284,0,0
06047,8888,8888,0,0
06049,572,304,65,1.5476190476190474
06051,280,10,65,Inf
06053,13044,13044,0,0
06055,6201,6201,0,0
06057,5231,5231,0,0
06059,100004,100004,0,0
06061,16218,16218,0,0
06063,1117,1090,18,0.09729729729729719
06065,84090,84090,0,0
06067,58386,58386,0,0
06069,1754,1754,0,0
06071,71545,71545,0,0
06073,107992,107992,0,0
06075,29048,29048,0,0
06077,27857,27857,0,0
06079,12169,12169,0,0
06081,23786,23786,0,0
06083,15969,15969,0,0
06085,50881,50881,0,0
06087,8796,8796,0,0
06089,11294,11294,0,0
06091,176,0,39,Inf
06093,2925,2925,0,0
06095,16887,16887,0,0
06097,20668,20668,0,0
06099,21646,21646,0,0
06101,4214,4214,0,0
06103,3505,3505,0,0
06105,811,756,22,0.18181818181818188
06107,15512,15512,0,0
06109,3381,3381,0,0
06111,28800,28800,0,0
06113,6635,6635,0,0
06115,3247,3247,0,0
08003,716,608,35,0.3500000000000001
08005,19438,19438,0,0
08007,509,211,75,2.8181818181818183
08009,271,25,58,Inf
08011,334,55,65,Inf
08015,921,903,9,0.053254437869822535
08017,97,0,26,Inf
08019,313,21,61,Inf
08021,438,165,70,5
08023,205,0,45,Inf
08025,233,0,51,Inf
08027,221,0,47,Inf
08029,1978,1978,0,0
08031,22882,22882,0,0
08033,102,0,23,Inf
08035,7004,7004,0,0
08037,673,511,59,1.1346153846153846
08039,728,637,38,0.4318181818181819
08041,23841,23841,0,0
08043,2805,2805,0,0
08045,1761,1761,0,0
08047,156,0,43,Inf
08049,368,103,59,Inf
08051,377,68,70,6.5
08053,NA,0,NA,NA
08055,546,302,61,1.4878048780487805
08057,66,0,17,Inf
08059,57296,286480,-6745,-0.6056521739130435
08061,105,0,27,Inf
08063,357,68,67,Inf
08065,194,0,46,Inf
08067,1722,1722,0,0
08069,11628,11628,0,0
08071,885,830,23,0.15436241610738266
08073,289,10,60,Inf
08075,1097,1088,9,0.048387096774193505
08077,7637,7637,0,0
08079,NA,0,NA,NA
08081,507,251,66,3
08083,1359,1351,8,0.031746031746031855
08085,2202,2202,0,0
08087,1368,1368,0,0
08089,1212,1203,9,0.04285714285714293
08091,137,0,41,Inf
08093,499,207,66,3.1428571428571432
08095,264,12,62,Inf
08097,292,31,57,Inf
08099,658,488,49,0.644736842105263
08101,9029,9029,0,0
08103,267,20,60,Inf
08105,660,491,48,0.6153846153846154
08107,593,363,64,1.391304347826087
08109,246,12,52,Inf
08111,NA,0,NA,NA
08113,111,0,32,Inf
08115,184,10,41,Inf
08117,355,23,73,Inf
08119,852,816,18,0.11042944785276076
08121,270,10,60,Inf
08125,502,218,67,2.09375
09001,34359,34359,0,0
09003,40810,40810,0,0
09005,9238,9238,0,0
09007,7901,7901,0,0
09009,39647,39647,0,0
09011,12523,12523,0,0
09013,5435,5435,0,0
09015,5452,5452,0,0
10001,8243,8243,0,0
10003,23988,23988,0,0
10005,13138,13138,0,0
11001,24808,24808,0,0
12001,9827,9827,0,0
12003,1305,1305,0,0
12005,9731,9731,0,0
12007,1604,1604,0,0
12009,37107,37107,0,0
12011,75758,75758,0,0
12013,903,894,9,0.05696202531645578
12015,13370,13370,0,0
12017,13036,13036,0,0
12019,9077,9077,0,0
12021,17078,17078,0,0
12023,4044,4044,0,0
12027,1802,1802,0,0
12029,1135,1135,0,0
12031,41912,41912,0,0
12033,17260,17260,0,0
12035,6780,6780,0,0
12037,671,509,62,1.1698113207547172
12039,2373,2373,0,0
12041,1006,992,8,0.042328042328042326
12043,637,456,52,0.8253968253968254
12045,932,873,18,0.1071428571428572
12047,764,667,40,0.4444444444444444
12049,1112,1096,9,0.047120418848167533
12051,1562,1562,0,0
12053,13839,13839,0,0
12055,7959,7959,0,0
12057,53534,53534,0,0
12059,1386,1386,0,0
12061,10349,10349,0,0
12063,3183,3183,0,0
12065,848,783,24,0.18181818181818188
12067,406,68,83,6.5
12069,21402,21402,0,0
12071,36191,36191,0,0
12073,9555,9555,0,0
12075,2778,2778,0,0
12077,354,86,59,Inf
12079,1158,1144,9,0.04054054054054057
12081,20483,20483,0,0
12083,25664,25664,0,0
12085,9786,9786,0,0
12086,100674,100674,0,0
12087,3654,3654,0,0
12089,4488,4488,0,0
12091,9242,9242,0,0
12093,2338,2338,0,0
12095,40888,40888,0,0
12097,11653,11653,0,0
12099,73674,73674,0,0
12101,31136,31136,0,0
12103,59960,59960,0,0
12105,34883,34883,0,0
12107,5032,5032,0,0
12109,10017,10017,0,0
12111,16422,16422,0,0
12113,7692,7692,0,0
12115,28700,28700,0,0
12117,17513,17513,0,0
12119,9574,9574,0,0
12121,2882,2882,0,0
12123,1325,1325,0,0
12125,1230,1230,0,0
12127,36084,36084,0,0
12129,1426,1426,0,0
12131,3295,3295,0,0
12133,1671,1671,0,0
13001,1058,1058,0,0
13003,425,97,75,Inf
13005,678,545,31,0.30097087378640786
13007,170,0,44,Inf
13009,2329,2329,0,0
13011,902,867,17,0.12977099236641232
13013,3121,3121,0,0
13015,4580,4580,0,0
13017,1151,1151,0,0
13019,1139,1139,0,0
13021,8658,8658,0,0
13023,712,605,28,0.26923076923076916
13025,1009,1000,9,0.044334975369458185
13027,1016,998,9,0.048387096774193505
13029,1398,1398,0,0
13031,2697,2697,0,0
13033,1207,1207,0,0
13035,1361,1361,0,0
13037,323,25,71,Inf
13039,1848,1848,0,0
13043,710,588,43,0.5657894736842106
13045,5531,5531,0,0
13047,3329,3329,0,0
13049,571,396,43,0.9767441860465116
13051,12324,12324,0,0
13053,192,0,41,Inf
13055,1647,1647,0,0
13057,7874,7874,0,0
13059,3831,3831,0,0
13061,218,0,57,Inf
13063,8591,8591,0,0
13065,424,97,93,Inf
13067,22050,22050,0,0
13069,2124,2124,0,0
13071,2458,2458,0,0
13073,4732,4732,0,0
13075,969,954,8,0.05369127516778516
13077,5278,5278,0,0
13079,649,480,51,1.1590909090909092
13081,1294,1294,0,0
13083,955,939,16,0.09756097560975618
13085,1202,1202,0,0
13087,1610,1610,0,0
13089,22795,22795,0,0
13091,1159,1159,0,0
13093,625,405,53,0.8983050847457628
13095,4821,4821,0,0
13097,4935,4935,0,0
13099,694,560,40,0.4761904761904763
13101,125,0,30,Inf
13103,2296,2296,0,0
13105,1302,1302,0,0
13107,1483,1483,0,0
13109,591,416,53,1.0392156862745097
13111,1720,1720,0,0
13113,4422,4422,0,0
13115,5610,5610,0,0
13117,5804,5804,0,0
13119,1520,1520,0,0
13121,33400,33400,0,0
13123,1751,1751,0,0
13125,199,0,50,Inf
13127,4432,4432,0,0
13129,2797,2797,0,0
13131,1308,1308,0,0
13133,1021,996,9,0.05084745762711873
13135,21567,21567,0,0
13137,2356,2356,0,0
13139,7671,7671,0,0
13141,554,309,60,1.4634146341463414
13143,1828,1828,0,0
13145,1427,1427,0,0
13147,1510,1510,0,0
13149,673,527,48,0.6619718309859155
13151,7820,7820,0,0
13153,6013,6013,0,0
13155,574,358,50,0.7540983606557377
13157,3067,3067,0,0
13159,711,574,50,0.6024096385542168
13161,845,799,17,0.10303030303030303
13163,1121,1112,9,0.045226130653266416
13165,518,237,70,2.1875
13167,536,288,69,3.2857142857142856
13169,1274,1274,0,0
13171,1057,1039,9,0.048387096774193505
13173,474,193,60,2.727272727272727
13175,2835,2835,0,0
13177,1134,1125,9,0.041284403669724856
13179,1882,1882,0,0
13181,471,181,81,5.785714285714286
13183,496,238,74,3.3636363636363633
13185,4564,4564,0,0
13187,1461,1461,0,0
13189,1248,1235,8,0.03418803418803429
13191,689,555,38,0.4269662921348314
13193,799,726,26,0.20155038759689914
13195,1473,1473,0,0
13197,428,100,76,Inf
13199,1397,1397,0,0
13201,461,176,65,2.7083333333333335
13205,1325,1325,0,0
13207,1422,1422,0,0
13209,466,161,69,6.9
13211,948,922,17,0.10119047619047628
13213,1899,1899,0,0
13215,9993,9993,0,0
13217,4403,4403,0,0
13219,1310,1310,0,0
13221,760,674,32,0.2857142857142858
13223,4657,4657,0,0
13225,1568,1568,0,0
13227,1693,1693,0,0
13229,1077,1070,7,0.03167420814479649
13231,949,915,17,0.10624999999999996
13233,2487,2487,0,0
13235,598,412,55,1.1
13237,1227,1227,0,0
13239,171,0,52,Inf
13241,1082,1082,0,0
13243,460,197,62,2.48
13245,10306,10306,0,0
13247,3653,3653,0,0
13249,194,0,44,Inf
13251,836,765,24,0.18181818181818188
13253,662,505,55,0.8333333333333333
13255,3806,3806,0,0
13257,1870,1870,0,0
13259,326,13,69,Inf
13261,1858,1858,0,0
13263,434,121,81,6.75
13265,130,0,33,Inf
13267,1265,1265,0,0
13269,506,229,79,7.181818181818182
13271,756,649,33,0.29729729729729737
13273,573,377,66,1.375
13275,2685,2685,0,0
13277,2186,2186,0,0
13279,1596,1596,0,0
13281,922,891,15,0.10000000000000009
13283,389,106,68,Inf
13285,3575,3575,0,0
13287,619,426,57,0.838235294117647
13289,579,345,70,3.333333333333333
13291,1591,1591,0,0
13293,1904,1904,0,0
13295,4274,4274,0,0
13297,4358,4358,0,0
13299,2357,2357,0,0
13301,403,88,75,Inf
13303,1171,1162,9,0.041860465116279055
13305,1772,1772,0,0
13307,132,0,32,Inf
13309,323,43,70,Inf
13311,1488,1488,0,0
13313,4343,4343,0,0
13315,501,226,70,6.363636363636363
13317,726,611,49,0.5833333333333333
13319,619,414,62,1.0892857142857144
13321,1212,1212,0,0
15001,8816,8816,0,0
15003,38767,38767,0,0
15005,NA,0,NA,NA
15007,2912,2912,0,0
15009,5835,5835,0,0
16001,15545,15545,0,0
16003,210,0,52,Inf
16005,3660,3660,0,0
16007,295,20,65,Inf
16009,648,467,60,1.25
16011,1954,1954,0,0
16013,572,335,76,3.04
16015,279,20,57,Inf
16017,2274,2274,0,0
16019,4502,4502,0,0
16021,565,357,46,0.8363636363636364
16023,150,0,38,Inf
16025,NA,0,NA,NA
16027,7814,7814,0,0
16029,337,42,63,Inf
16031,1031,1022,9,0.051136363636363535
16033,NA,0,NA,NA
16035,542,301,54,1.3170731707317072
16037,238,0,55,Inf
16039,1023,979,18,0.10526315789473695
16041,529,291,64,2.782608695652174
16043,545,288,61,1.3555555555555556
16045,1074,1074,0,0
16047,691,548,36,0.38297872340425543
16049,954,907,17,0.10624999999999996
16051,866,813,17,0.10967741935483866
16053,841,814,9,0.060810810810810745
16055,7367,7367,0,0
16057,1084,1075,9,0.047120418848167533
16059,534,286,59,1.870967741935484
16061,232,0,52,Inf
16063,198,10,55,Inf
16065,733,635,35,0.4487179487179487
16067,938,898,23,0.17692307692307696
16069,2567,2567,0,0
16071,216,10,45,Inf
16073,505,209,76,2.814814814814815
16075,1165,1147,9,0.047368421052631504
16077,314,11,70,Inf
16079,916,885,9,0.05696202531645578
16081,235,10,61,Inf
16083,3858,3858,0,0
16085,402,138,67,5.5
16087,609,381,65,1.625
17001,4076,4076,0,0
17003,491,212,75,6.818181818181818
17005,891,876,8,0.04678362573099415
17007,2112,2112,0,0
17009,287,31,58,Inf
17011,2035,2035,0,0
17013,263,10,52,Inf
17015,940,922,9,0.0535714285714286
17017,726,630,23,0.19999999999999996
17019,6688,6688,0,0
17021,2150,2150,0,0
17023,987,962,17,0.10119047619047628
17025,871,824,18,0.13043478260869557
17027,1794,1794,0,0
17029,2595,2595,0,0
17031,204479,204479,0,0
17033,1139,1131,8,0.03418803418803429
17035,583,354,64,1.3617021276595747
17037,3657,3657,0,0
17039,1012,998,7,0.03846153846153855
17041,988,979,9,0.0494505494505495
17043,31558,31558,0,0
17045,1194,1194,0,0
17047,376,89,70,6.363636363636363
17049,1838,1838,0,0
17051,1163,1163,0,0
17053,986,963,9,0.04972375690607733
17055,2619,2619,0,0
17057,2397,2397,0,0
17059,388,85,75,6.818181818181818
17061,829,794,14,0.10144927536231885
17063,2086,2086,0,0
17065,521,251,62,1.6111111111111112
17067,1018,994,17,0.11333333333333329
17069,330,57,62,Inf
17071,439,166,64,2.909090909090909
17073,2715,2715,0,0
17075,1954,1954,0,0
17077,2424,2424,0,0
17079,504,197,68,2.2666666666666666
17081,2251,2251,0,0
17083,1385,1385,0,0
17085,1216,1216,0,0
17087,665,495,60,1.1111111111111112
17089,16386,16386,0,0
17091,5807,5807,0,0
17093,2950,2950,0,0
17095,3437,3437,0,0
17097,23363,23363,0,0
17099,6674,6674,0,0
17101,1032,1024,8,0.043010752688172005
17103,1905,1905,0,0
17105,2240,2240,0,0
17107,1764,1764,0,0
17109,1614,1614,0,0
17111,10689,10689,0,0
17113,6052,6052,0,0
17115,6275,6275,0,0
17117,2833,2833,0,0
17119,14511,14511,0,0
17121,2668,2668,0,0
17123,830,775,17,0.12408759124087587
17125,949,940,9,0.04615384615384621
17127,1052,1034,9,0.049180327868852514
17129,624,434,56,0.8615384615384616
17131,975,940,26,0.16666666666666674
17133,1510,1510,0,0
17135,1822,1822,0,0
17137,2053,2053,0,0
17139,967,945,14,0.08860759493670889
17141,2615,2615,0,0
17143,9266,9266,0,0
17145,1200,1200,0,0
17147,821,739,32,0.3076923076923077
17149,1036,1010,9,0.04499999999999993
17151,260,0,62,Inf
17153,420,132,69,6.2
17155,293,23,61,Inf
17157,1883,1883,0,0
17159,1049,1041,8,0.04040404040404044
17161,8048,8048,0,0
17163,13009,13009,0,0
17165,1870,1870,0,0
17167,9988,9988,0,0
17169,477,177,67,5.818181818181818
17171,305,35,65,Inf
17173,1228,1228,0,0
17175,387,66,80,6.666666666666667
17177,2801,2801,0,0
17179,7140,7140,0,0
17181,1144,1136,8,0.039024390243902474
17183,4954,4954,0,0
17185,662,500,40,0.4431818181818181
17187,944,917,18,0.1132075471698113
17189,763,680,24,0.1964285714285714
17191,1019,1002,9,0.04615384615384621
17193,1138,1130,8,0.040000000000000036
17195,3394,3394,0,0
17197,23243,23243,0,0
17199,3799,3799,0,0
17201,15015,15015,0,0
17203,1958,1958,0,0
18001,1582,1582,0,0
18003,16820,16820,0,0
18005,3787,3787,0,0
18007,431,105,74,6.7
18009,796,714,39,0.3979591836734695
18011,2685,2685,0,0
18013,809,746,26,0.19548872180451138
18015,947,924,15,0.09933774834437092
18017,2122,2122,0,0
18019,6350,6350,0,0
18021,1556,1556,0,0
18023,1877,1877,0,0
18025,623,469,45,0.6164383561643836
18027,1695,1695,0,0
18029,2518,2518,0,0
18031,1449,1449,0,0
18033,2143,2143,0,0
18035,6604,6604,0,0
18037,2086,2086,0,0
18039,8700,8700,0,0
18041,1656,1656,0,0
18043,4073,4073,0,0
18045,1089,1073,9,0.050000000000000044
18047,1076,1061,8,0.040000000000000036
18049,1224,1215,9,0.03750000000000009
18051,1850,1850,0,0
18053,4283,4283,0,0
18055,1974,1974,0,0
18057,8807,8807,0,0
18059,3362,3362,0,0
18061,2066,2066,0,0
18063,6036,6036,0,0
18065,3031,3031,0,0
18067,5373,5373,0,0
18069,2093,2093,0,0
18071,2449,2449,0,0
18073,1646,1646,0,0
18075,1181,1181,0,0
18077,1906,1906,0,0
18079,1555,1555,0,0
18081,6801,6801,0,0
18083,2247,2247,0,0
18085,3637,3637,0,0
18087,1402,1402,0,0
18089,25191,25191,0,0
18091,6197,6197,0,0
18093,2781,2781,0,0
18095,7658,7658,0,0
18097,41309,41309,0,0
18099,2318,2318,0,0
18101,549,299,67,3.1904761904761907
18103,1957,1957,0,0
18105,4918,4918,0,0
18107,2077,2077,0,0
18109,3570,3570,0,0
18111,816,746,19,0.1484375
18113,2304,2304,0,0
18115,336,42,67,Inf
18117,1192,1192,0,0
18119,1204,1204,0,0
18121,785,682,30,0.2727272727272727
18123,1091,1075,9,0.048648648648648596
18125,791,742,17,0.11409395973154357
18127,7644,7644,0,0
18129,1257,1257,0,0
18131,803,725,31,0.27192982456140347
18133,1841,1841,0,0
18135,1556,1556,0,0
18137,1539,1539,0,0
18139,1006,1006,0,0
18141,13712,13712,0,0
18143,1628,1628,0,0
18145,2358,2358,0,0
18147,1042,1042,0,0
18149,1368,1368,0,0
18151,1643,1643,0,0
18153,1176,1168,8,0.03864734299516903
18155,542,329,56,1.6470588235294117
18157,6197,6197,0,0
18159,885,812,24,0.1796875
18161,380,53,72,Inf
18163,10079,10079,0,0
18165,1049,1031,9,0.048128342245989275
18167,5877,5877,0,0
18169,2276,2276,0,0
18171,419,109,75,Inf
18173,3009,3009,0,0
18175,1604,1604,0,0
18177,4520,4520,0,0
18179,1534,1534,0,0
18181,1493,1493,0,0
18183,1599,1599,0,0
19001,517,255,66,3.25
19003,222,0,53,Inf
19005,892,851,24,0.1875
19007,867,828,22,0.16417910447761197
19009,435,130,71,6.454545454545454
19011,1234,1234,0,0
19013,6204,6204,0,0
19015,1493,1493,0,0
19017,1166,1166,0,0
19019,1040,1031,9,0.046391752577319645
19021,893,839,33,0.26190476190476186
19023,965,949,8,0.047337278106508895
19025,692,564,40,0.4819277108433735
19027,1199,1199,0,0
19029,1007,989,9,0.0494505494505495
19031,905,879,9,0.05769230769230771
19033,2636,2636,0,0
19035,818,724,33,0.29729729729729737
19037,683,558,37,0.37755102040816335
19039,561,345,62,1.4761904761904763
19041,948,912,18,0.11842105263157898
19043,1003,994,9,0.048913043478260976
19045,2849,2849,0,0
19047,873,815,26,0.18309859154929575
19049,2444,2444,0,0
19051,461,201,62,2.6363636363636362
19053,435,107,78,Inf
19055,872,854,9,0.05590062111801242
19057,2340,2340,0,0
19059,1025,1020,5,0.022935779816513735
19061,4585,4585,0,0
19063,631,464,47,0.6527777777777777
19065,1272,1272,0,0
19067,896,874,13,0.09774436090225569
19069,620,425,54,1
19071,482,186,70,6.9
19073,610,397,66,1.65
19075,731,603,59,0.921875
19077,621,425,83,5.928571428571429
19079,891,849,12,0.07692307692307687
19081,597,441,48,0.8727272727272728
19083,1102,1093,9,0.04499999999999993
19085,934,893,17,0.1020408163265305
19087,1083,1077,6,0.028708133971291794
19089,593,371,58,1.2391304347826089
19091,580,367,49,0.8
19093,518,276,63,2.8636363636363638
19095,961,946,8,0.046242774566473965
19097,1127,1119,8,0.04469273743016755
19099,1966,1966,0,0
19101,872,831,16,0.10389610389610393
19103,3699,3699,0,0
19105,1007,991,9,0.050000000000000044
19107,600,402,51,0.8500000000000001
19109,917,909,8,0.04651162790697683
19111,2199,2199,0,0
19113,9008,9008,0,0
19115,563,351,68,1.8888888888888888
19117,568,309,59,1.1346153846153846
19119,556,331,54,1.1739130434782608
19121,768,699,21,0.1707317073170731
19123,1206,1206,0,0
19125,1724,1724,0,0
19127,2417,2417,0,0
19129,674,509,46,0.647887323943662
19131,697,550,44,0.4631578947368422
19133,715,564,52,0.5714285714285714
19135,519,272,68,3.090909090909091
19137,755,703,13,0.10619469026548667
19139,2092,2092,0,0
19141,1006,997,9,0.047368421052631504
19143,364,40,73,Inf
19145,1015,993,15,0.07894736842105265
19147,656,543,32,0.38095238095238093
19149,1226,1226,0,0
19151,494,203,81,5.0625
19153,18042,18042,0,0
19155,4775,4775,0,0
19157,1092,1092,0,0
19159,413,88,72,6.363636363636363
19161,695,575,34,0.3035714285714286
19163,7719,7719,0,0
19165,763,662,32,0.27118644067796605
19167,1246,1246,0,0
19169,2751,2751,0,0
19171,1053,1053,0,0
19173,387,86,71,Inf
19175,733,670,30,0.27522935779816504
19177,482,202,75,6.818181818181818
19179,2091,2091,0,0
19181,2153,2153,0,0
19183,1247,1247,0,0
19185,439,157,62,2.7142857142857144
19187,2188,2188,0,0
19189,653,500,40,0.4444444444444444
19191,970,946,15,0.08571428571428563
19193,4926,4926,0,0
19195,427,142,67,5.7
19197,861,798,18,0.11612903225806459
20001,818,753,17,0.11594202898550732
20003,529,289,65,1.710526315789474
20005,896,861,18,0.12328767123287676
20007,308,10,71,Inf
20009,1490,1481,9,0.03169014084507049
20011,979,959,7,0.043749999999999956
20013,662,498,51,1.108695652173913
20015,3269,3269,0,0
20017,172,0,45,Inf
20019,271,0,60,Inf
20021,1381,1381,0,0
20023,187,0,42,Inf
20025,161,0,39,Inf
20027,504,217,71,3.55
20029,714,593,34,0.3366336633663367
20031,509,262,68,2.3448275862068964
20033,155,0,37,Inf
20035,2230,2230,0,0
20037,2183,2183,0,0
20039,242,0,53,Inf
20041,1196,1188,8,0.037209302325581506
20043,453,156,74,2.96
20045,3680,3680,0,0
20047,217,11,51,Inf
20049,216,0,52,Inf
20051,1235,1235,0,0
20053,430,109,75,Inf
20055,1139,1139,0,0
20057,1247,1247,0,0
20059,1378,1378,0,0
20061,1077,1070,7,0.03626943005181338
20063,169,0,41,Inf
20065,186,0,49,Inf
20067,294,0,65,Inf
20069,275,20,58,Inf
20071,125,0,29,Inf
20073,507,247,70,3.0434782608695654
20075,124,0,31,Inf
20077,469,181,80,6.153846153846154
20079,2064,2064,0,0
20081,152,0,34,Inf
20083,133,0,34,Inf
20085,712,613,39,0.4534883720930232
20087,935,902,16,0.10457516339869288
20089,190,0,52,Inf
20091,20094,20094,0,0
20093,166,0,37,Inf
20095,793,694,39,0.46666666666666656
20097,142,0,40,Inf
20099,1346,1346,0,0
20101,151,0,33,Inf
20103,3190,3190,0,0
20105,184,0,39,Inf
20107,564,307,65,1.4523809523809526
20109,169,0,42,Inf
20111,1452,1452,0,0
20113,1854,1854,0,0
20115,856,804,18,0.12949640287769792
20117,681,503,48,0.5384615384615385
20119,259,10,57,Inf
20121,1516,1516,0,0
20123,434,141,73,4.153846153846154
20125,2230,2230,0,0
20127,399,64,76,Inf
20129,194,0,53,Inf
20131,661,485,58,0.9666666666666666
20133,1018,1002,9,0.04972375690607733
20135,239,0,58,Inf
20137,342,62,70,Inf
20139,971,947,9,0.05263157894736836
20141,308,36,67,Inf
20143,372,82,73,Inf
20145,436,134,76,Inf
20147,374,65,71,7.1
20149,882,823,27,0.18120805369127524
20151,603,351,60,1.0169491525423728
20153,210,0,44,Inf
20155,3683,3683,0,0
20157,424,138,76,6.333333333333333
20159,616,441,47,0.6911764705882353
20161,1883,1883,0,0
20163,341,34,72,Inf
20165,306,33,67,Inf
20167,466,180,84,7.636363636363637
20169,2824,2824,0,0
20171,258,0,59,Inf
20173,22656,22656,0,0
20175,651,445,58,0.7250000000000001
20177,9662,9662,0,0
20179,148,0,32,Inf
20181,351,64,71,Inf
20183,291,34,57,Inf
20185,302,22,69,Inf
20187,104,0,24,Inf
20189,242,0,56,Inf
20191,1326,1326,0,0
20193,408,101,67,Inf
20195,225,0,55,Inf
20197,324,42,68,Inf
20199,82,0,23,Inf
20201,362,85,69,Inf
20203,115,0,26,Inf
20205,565,342,52,0.9122807017543859
20207,239,0,53,Inf
20209,6984,6984,0,0
21001,1037,1030,7,0.033653846153846256
21003,1226,1226,0,0
21005,1183,1176,7,0.034653465346534684
21007,546,301,59,1.204081632653061
21009,2627,2627,0,0
21011,778,688,25,0.1968503937007875
21013,2066,2066,0,0
21015,4655,4655,0,0
21017,1182,1173,9,0.042654028436019065
21019,3288,3288,0,0
21021,1720,1720,0,0
21023,485,212,62,2
21025,975,966,9,0.04285714285714293
21027,1174,1148,17,0.08173076923076916
21029,3289,3289,0,0
21031,821,750,26,0.24528301886792447
21033,833,783,18,0.12686567164179108
21035,1999,1999,0,0
21037,4397,4397,0,0
21039,367,43,75,Inf
21041,715,593,42,0.4329896907216495
21043,1725,1725,0,0
21045,994,994,0,0
21047,3067,3067,0,0
21049,2137,2137,0,0
21051,1384,1384,0,0
21053,671,488,55,0.8208955223880596
21055,658,500,45,0.5844155844155845
21057,526,255,73,2.92
21059,5440,5440,0,0
21061,746,635,33,0.2946428571428572
21063,390,89,66,Inf
21065,1007,989,9,0.046391752577319645
21067,12243,12243,0,0
21069,887,838,16,0.10126582278481022
21071,2764,2764,0,0
21073,2851,2851,0,0
21075,486,185,74,6.8
21077,516,266,65,1.710526315789474
21079,923,905,9,0.05660377358490565
21081,1264,1264,0,0
21083,2334,2334,0,0
21085,1673,1673,0,0
21087,762,656,42,0.3999999999999999
21089,2457,2457,0,0
21091,438,140,73,7.300000000000001
21093,4710,4710,0,0
21095,2152,2152,0,0
21097,1150,1150,0,0
21099,1128,1128,0,0
21101,2627,2627,0,0
21103,945,919,9,0.05521472392638027
21105,335,35,65,Inf
21107,3073,3073,0,0
21109,860,801,18,0.1146496815286624
21111,40298,40298,0,0
21113,2426,2426,0,0
21115,1597,1597,0,0
21117,7761,7761,0,0
21119,1021,1006,15,0.08670520231213863
21121,2092,2092,0,0
21123,858,815,21,0.13461538461538458
21125,3324,3324,0,0
21127,1077,1077,0,0
21129,536,306,76,7.6
21131,823,734,31,0.23134328358208944
21133,1716,1716,0,0
21135,928,901,9,0.05660377358490565
21137,1539,1539,0,0
21139,652,489,44,0.4731182795698925
21141,1628,1628,0,0
21143,606,453,44,0.619718309859155
21145,4050,4050,0,0
21147,1145,1138,7,0.033175355450236976
21149,607,434,43,0.5890410958904109
21151,4022,4022,0,0
21153,842,787,24,0.19512195121951215
21155,1082,1073,9,0.041860465116279055
21157,2211,2211,0,0
21159,723,617,41,0.40594059405940586
21161,1164,1151,7,0.03139013452914807
21163,1339,1339,0,0
21165,448,114,73,5.25
21167,1433,1433,0,0
21169,692,531,52,0.6753246753246753
21171,782,695,31,0.2649572649572649
21173,1594,1594,0,0
21175,743,654,24,0.2264150943396226
21177,1964,1964,0,0
21179,2218,2218,0,0
21181,498,203,62,2.2142857142857144
21183,1469,1469,0,0
21185,2143,2143,0,0
21187,606,424,46,0.625
21189,374,48,69,Inf
21191,830,797,9,0.05755395683453246
21193,2221,2221,0,0
21195,4106,4106,0,0
21197,895,866,16,0.10126582278481022
21199,4191,4191,0,0
21201,159,10,36,Inf
21203,1028,1028,0,0
21205,1174,1174,0,0
21207,1262,1253,9,0.040000000000000036
21209,2102,2102,0,0
21211,1906,1906,0,0
21213,1063,1057,6,0.03571428571428581
21215,760,677,21,0.16799999999999993
21217,1557,1557,0,0
21219,701,561,47,0.6103896103896105
21221,856,795,26,0.18055555555555558
21223,527,229,78,4.875
21225,888,849,14,0.09722222222222232
21227,5220,5220,0,0
21229,720,641,33,0.33000000000000007
21231,1217,1217,0,0
21233,843,783,22,0.16176470588235303
21235,2532,2532,0,0
21237,554,323,64,2.064516129032258
21239,1271,1271,0,0
22001,3301,3301,0,0
22003,1344,1344,0,0
22005,3716,3716,0,0
22007,1129,1129,0,0
22009,2452,2452,0,0
22011,1920,1920,0,0
22013,982,959,17,0.10759493670886067
22015,5403,5403,0,0
22017,13879,13879,0,0
22019,10306,10306,0,0
22021,642,474,44,0.5352112676056338
22023,255,10,53,Inf
22025,636,492,48,0.9583333333333333
22027,965,938,9,0.052023121387283267
22029,1262,1262,0,0
22031,1535,1535,0,0
22033,19491,19491,0,0
22035,436,138,72,7.199999999999999
22037,1264,1255,9,0.04245283018867929
22039,1920,1920,0,0
22041,1357,1350,7,0.029535864978903037
22043,1109,1109,0,0
22045,3761,3761,0,0
22047,1699,1699,0,0
22049,962,946,8,0.046242774566473965
22051,21287,21287,0,0
22053,1953,1953,0,0
22055,9001,9001,0,0
22057,4533,4533,0,0
22059,839,804,9,0.05921052631578938
22061,1961,1961,0,0
22063,5491,5491,0,0
22065,668,520,47,0.6527777777777777
22067,1871,1871,0,0
22069,2070,2070,0,0
22071,16691,16691,0,0
22073,8017,8017,0,0
22075,930,916,8,0.04761904761904767
22077,1303,1303,0,0
22079,7514,7514,0,0
22081,546,300,70,3.0434782608695654
22083,1174,1174,0,0
22085,1411,1411,0,0
22087,1873,1873,0,0
22089,2124,2124,0,0
22091,629,489,42,0.6086956521739131
22093,1023,1015,8,0.047337278106508895
22095,2083,2083,0,0
22097,5100,5100,0,0
22099,2509,2509,0,0
22101,2846,2846,0,0
22103,11289,11289,0,0
22105,6328,6328,0,0
22107,297,11,72,Inf
22109,5244,5244,0,0
22111,1390,1390,0,0
22113,2921,2921,0,0
22115,2102,2102,0,0
22117,3064,3064,0,0
22119,2643,2643,0,0
22121,1063,1055,8,0.04123711340206193
22123,717,589,46,0.5348837209302326
22125,691,557,29,0.28712871287128716
22127,890,859,18,0.11842105263157898
23001,5936,5936,0,0
23003,4432,4432,0,0
23005,13676,13676,0,0
23007,1759,1759,0,0
23009,3119,3119,0,0
23011,6727,6727,0,0
23013,2537,2537,0,0
23015,2075,2075,0,0
23017,3399,3399,0,0
23019,8398,8398,0,0
23021,1239,1239,0,0
23023,1846,1846,0,0
23025,3117,3117,0,0
23027,2106,2106,0,0
23029,2179,2179,0,0
23031,10572,10572,0,0
24001,4607,4607,0,0
24003,22042,22042,0,0
24005,42079,42079,0,0
24009,3537,3537,0,0
24011,1694,1694,0,0
24013,8070,8070,0,0
24015,5015,5015,0,0
24017,5522,5522,0,0
24019,2059,2059,0,0
24021,9382,9382,0,0
24023,1708,1708,0,0
24025,10904,10904,0,0
24027,8501,8501,0,0
24029,1319,1319,0,0
24031,31246,31246,0,0
24033,30389,30389,0,0
24035,2176,2176,0,0
24037,4135,4135,0,0
24039,1357,1357,0,0
24041,2278,2278,0,0
24043,8017,8017,0,0
24045,5008,5008,0,0
24047,3215,3215,0,0
24510,33105,33105,0,0
25001,14978,14978,0,0
25003,7791,7791,0,0
25005,27359,27359,0,0
25007,768,681,31,0.2792792792792793
25009,34955,34955,0,0
25011,3589,3589,0,0
25013,23101,23101,0,0
25015,6455,6455,0,0
25017,58134,58134,0,0
25019,355,66,66,6
25021,29522,29522,0,0
25023,23701,23701,0,0
25025,24017,24017,0,0
25027,36627,36627,0,0
26001,933,898,17,0.1049382716049383
26003,570,341,58,1.2340425531914891
26005,5147,5147,0,0
26007,1945,1945,0,0
26009,1360,1360,0,0
26011,1029,1029,0,0
26013,542,293,60,1.6216216216216215
26015,2848,2848,0,0
26017,6429,6429,0,0
26019,1025,1007,18,0.10975609756097571
26021,8858,8858,0,0
26023,2380,2380,0,0
26025,7845,7845,0,0
26027,2679,2679,0,0
26029,1460,1460,0,0
26031,1657,1657,0,0
26033,1813,1813,0,0
26035,2285,2285,0,0
26037,3065,3065,0,0
26039,938,909,15,0.0980392156862746
26041,2304,2304,0,0
26043,1572,1572,0,0
26045,5212,5212,0,0
26047,1853,1853,0,0
26049,23188,23188,0,0
26051,1838,1838,0,0
26053,1002,984,11,0.06626506024096379
26055,4473,4473,0,0
26057,2366,2366,0,0
26059,2499,2499,0,0
26061,1806,1806,0,0
26063,2289,2289,0,0
26065,11042,11042,0,0
26067,2685,2685,0,0
26069,2095,2095,0,0
26071,974,959,9,0.053254437869822535
26073,2491,2491,0,0
26075,8724,8724,0,0
26077,10898,10898,0,0
26079,1043,1043,0,0
26081,24268,24268,0,0
26083,133,0,31,Inf
26085,825,762,23,0.1811023622047243
26087,4473,4473,0,0
26089,1219,1219,0,0
26091,5337,5337,0,0
26093,7331,7331,0,0
26095,374,76,77,Inf
26097,765,665,25,0.1923076923076923
26099,44088,44088,0,0
26101,1618,1618,0,0
26103,3499,3499,0,0
26105,1721,1721,0,0
26107,2034,2034,0,0
26109,1454,1454,0,0
26111,3823,3823,0,0
26113,832,769,32,0.25806451612903225
26115,7593,7593,0,0
26117,3172,3172,0,0
26119,809,755,20,0.1515151515151516
26121,8836,8836,0,0
26123,2569,2569,0,0
26125,53327,53327,0,0
26127,1373,1373,0,0
26129,1653,1653,0,0
26131,500,229,74,4.111111111111111
26133,1256,1256,0,0
26135,629,452,41,0.5797101449275361
26137,1367,1367,0,0
26139,9931,9931,0,0
26141,1001,992,9,0.050561797752809
26143,2071,2071,0,0
26145,10823,10823,0,0
26147,9013,9013,0,0
26149,3350,3350,0,0
26151,2547,2547,0,0
26153,554,314,65,2.8260869565217392
26155,3737,3737,0,0
26157,3111,3111,0,0
26159,3897,3897,0,0
26161,11545,11545,0,0
26163,91542,91542,0,0
26165,1798,1798,0,0
27001,1129,1121,8,0.0410256410256411
27003,10939,10939,0,0
27005,1827,1827,0,0
27007,2039,2039,0,0
27009,1870,1870,0,0
27011,393,69,71,Inf
27013,2499,2499,0,0
27015,1458,1458,0,0
27017,1903,1903,0,0
27019,2637,2637,0,0
27021,1660,1660,0,0
27023,788,716,24,0.18181818181818188
27025,2207,2207,0,0
27027,2437,2437,0,0
27029,499,188,74,6.7272727272727275
27031,255,0,60,Inf
27033,702,578,58,0.7435897435897436
27035,3482,3482,0,0
27037,13064,13064,0,0
27039,795,713,32,0.2442748091603053
27041,2212,2212,0,0
27043,921,881,15,0.09493670886075956
27045,1179,1179,0,0
27047,1832,1832,0,0
27049,2454,2454,0,0
27051,340,32,71,Inf
27053,43799,43799,0,0
27055,943,906,16,0.10884353741496589
27057,1078,1078,0,0
27059,1634,1634,0,0
27061,2630,2630,0,0
27063,533,300,59,1.6388888888888888
27065,772,665,56,0.875
27067,1952,1952,0,0
27069,307,10,77,Inf
27071,766,636,45,0.5844155844155845
27073,429,151,71,4.176470588235294
27075,705,585,68,1.3877551020408165
27077,230,33,48,Inf
27079,1180,1171,9,0.041095890410958846
27081,415,127,72,7.199999999999999
27083,1143,1143,0,0
27085,1724,1724,0,0
27087,333,41,60,Inf
27089,429,46,83,Inf
27091,1279,1279,0,0
27093,1146,1146,0,0
27095,1523,1523,0,0
27097,1626,1626,0,0
27099,2088,2088,0,0
27101,489,191,78,7.090909090909092
27103,1261,1261,0,0
27105,892,848,18,0.12686567164179108
27107,509,229,65,2.52
27109,5425,5425,0,0
27111,3368,3368,0,0
27113,683,550,44,0.48888888888888893
27115,1504,1504,0,0
27117,600,370,64,1.1636363636363636
27119,1775,1775,0,0
27121,642,428,77,2.75
27123,21359,21359,0,0
27125,164,0,39,Inf
27127,920,913,7,0.04347826086956519
27129,910,879,14,0.09210526315789469
27131,2564,2564,0,0
27133,588,357,67,1.522727272727273
27135,695,519,42,0.5
27137,10480,10480,0,0
27139,3539,3539,0,0
27141,2753,2753,0,0
27143,727,596,39,0.4431818181818181
27145,5355,5355,0,0
27147,1579,1579,0,0
27149,423,178,56,2.5454545454545454
27151,598,427,53,0.8833333333333333
27153,1080,1071,9,0.048387096774193505
27155,287,34,60,Inf
27157,981,973,8,0.04166666666666674
27159,1058,1058,0,0
27161,894,841,18,0.11038961038961048
27163,8329,8329,0,0
27165,603,440,52,0.8253968253968254
27167,416,141,69,3.45
27169,2190,2190,0,0
27171,4133,4133,0,0
27173,550,300,79,5.642857142857143
28001,2080,2080,0,0
28003,2388,2388,0,0
28005,828,766,27,0.20300751879699241
28007,1363,1363,0,0
28009,558,309,67,1.8611111111111112
28011,2038,2038,0,0
28013,902,891,6,0.03750000000000009
28015,565,342,56,1.1666666666666665
28017,1013,1004,9,0.045685279187817285
28019,558,342,55,1.3095238095238093
28021,546,313,70,2.121212121212121
28023,1117,1117,0,0
28025,1169,1169,0,0
28027,1481,1481,0,0
28029,1654,1654,0,0
28031,1359,1359,0,0
28033,7074,7074,0,0
28035,3879,3879,0,0
28037,502,235,64,2.782608695652174
28039,1434,1434,0,0
28041,705,574,45,0.5696202531645569
28043,1529,1529,0,0
28045,2577,2577,0,0
28047,10496,10496,0,0
28049,11177,11177,0,0
28051,1112,1112,0,0
28053,512,259,74,3.7
28055,NA,0,NA,NA
28057,1498,1498,0,0
28059,7081,7081,0,0
28061,1003,994,9,0.047368421052631504
28063,442,158,69,3
28065,814,757,24,0.16783216783216792
28067,3971,3971,0,0
28069,535,306,57,1.2954545454545454
28071,1949,1949,0,0
28073,2224,2224,0,0
28075,4370,4370,0,0
28077,823,749,31,0.26956521739130435
28079,1179,1172,7,0.029914529914529808
28081,4611,4611,0,0
28083,1869,1869,0,0
28085,2141,2141,0,0
28087,3243,3243,0,0
28089,5089,5089,0,0
28091,1661,1661,0,0
28093,2100,2100,0,0
28095,2254,2254,0,0
28097,731,624,37,0.4252873563218391
28099,2017,2017,0,0
28101,1324,1316,8,0.03361344537815136
28103,639,467,48,0.5714285714285714
28105,1633,1633,0,0
28107,2002,2002,0,0
28109,3437,3437,0,0
28111,692,555,48,0.5517241379310345
28113,2630,2630,0,0
28115,1533,1533,0,0
28117,1600,1600,0,0
28119,491,184,69,3.833333333333333
28121,5970,5970,0,0
28123,1531,1531,0,0
28125,313,80,55,Inf
28127,1575,1575,0,0
28129,896,859,17,0.09189189189189184
28131,966,946,15,0.09375
28133,1582,1582,0,0
28135,766,676,26,0.1984732824427482
28137,1518,1518,0,0
28139,1380,1380,0,0
28141,1472,1472,0,0
28143,561,331,67,1.8611111111111112
28145,1571,1571,0,0
28147,935,919,16,0.10596026490066235
28149,2677,2677,0,0
28151,2977,2977,0,0
28153,1136,1127,9,0.046391752577319645
28155,697,572,34,0.37777777777777777
28157,646,447,55,0.859375
28159,1169,1169,0,0
28161,939,889,24,0.14906832298136652
28163,1522,1522,0,0
29001,1127,1127,0,0
29003,823,703,35,0.25547445255474455
29005,386,81,67,6.1
29007,1552,1552,0,0
29009,2182,2182,0,0
29011,715,599,53,0.7681159420289856
29013,1048,1032,8,0.04519774011299438
29015,1557,1557,0,0
29017,693,560,50,0.7246376811594204
29019,5623,5623,0,0
29021,4721,4721,0,0
29023,2900,2900,0,0
29025,517,252,71,3.086956521739131
29027,2076,2076,0,0
29029,2517,2517,0,0
29031,4064,4064,0,0
29033,567,305,64,1.2765957446808511
29035,428,146,70,5.833333333333333
29037,4870,4870,0,0
29039,1074,1074,0,0
29041,481,248,75,3.409090909090909
29043,3396,3396,0,0
29045,410,97,74,6.7272727272727275
29047,9076,9076,0,0
29049,1263,1263,0,0
29051,3377,3377,0,0
29053,973,940,9,0.047120418848167533
29055,1564,1564,0,0
29057,546,306,60,1.3333333333333335
29059,1036,1001,9,0.046875
29061,455,159,73,3.3
29063,623,438,48,0.8727272727272728
29065,999,981,9,0.05454545454545445
29067,923,863,18,0.10000000000000009
29069,2220,2220,0,0
29071,5310,5310,0,0
29073,1071,1062,9,0.043689320388349495
29075,456,174,63,5.25
29077,14664,14664,0,0
29079,659,512,62,1.2400000000000002
29081,576,336,61,1.2978723404255321
29083,1522,1522,0,0
29085,765,642,36,0.31304347826086953
29087,293,21,57,Inf
29089,535,292,81,3.24
29091,2606,2606,0,0
29093,778,721,15,0.1171875
29095,31856,31856,0,0
29097,6107,6107,0,0
29099,10537,10537,0,0
29101,2114,2114,0,0
29103,231,0,56,Inf
29105,2206,2206,0,0
29107,1995,1995,0,0
29109,2434,2434,0,0
29111,617,377,68,1.5454545454545454
29113,2514,2514,0,0
29115,864,834,15,0.09554140127388533
29117,922,873,25,0.16891891891891886
29119,1210,1210,0,0
29121,1011,985,9,0.05142857142857138
29123,843,779,35,0.3070175438596492
29125,523,247,69,2.875
29127,1741,1741,0,0
29129,228,0,54,Inf
29131,1451,1451,0,0
29133,888,840,16,0.11428571428571432
29135,763,659,34,0.31775700934579443
29137,526,277,65,1.7567567567567566
29139,856,801,23,0.17557251908396942
29141,1486,1486,0,0
29143,1239,1239,0,0
29145,3309,3309,0,0
29147,977,951,17,0.10429447852760743
29149,739,634,31,0.2421875
29151,667,517,42,0.4285714285714286
29153,638,444,58,0.9666666666666666
29155,1190,1190,0,0
29157,1010,977,9,0.048648648648648596
29159,2302,2302,0,0
29161,2364,2364,0,0
29163,1032,1025,7,0.03571428571428581
29165,3585,3585,0,0
29167,1840,1840,0,0
29169,1649,1649,0,0
29171,364,65,80,Inf
29173,491,200,71,5.461538461538462
29175,1459,1459,0,0
29177,1326,1326,0,0
29179,441,154,70,6.090909090909091
29181,954,940,9,0.04972375690607733
29183,14861,14861,0,0
29185,715,605,36,0.4444444444444444
29186,983,977,6,0.03208556149732611
29187,3914,3914,0,0
29189,51510,51510,0,0
29195,1278,1278,0,0
29197,264,10,59,Inf
29199,285,33,58,Inf
29201,2236,2236,0,0
29203,490,180,75,5
29205,413,77,76,Inf
29207,2011,2011,0,0
29209,2043,2043,0,0
29211,353,90,66,5.181818181818182
29213,3048,3048,0,0
29215,1588,1588,0,0
29217,1249,1249,0,0
29219,1535,1535,0,0
29221,1487,1487,0,0
29223,957,927,13,0.08965517241379306
29225,1799,1799,0,0
29227,158,11,35,Inf
29229,1269,1269,0,0
29510,15176,15176,0,0
30001,447,130,70,6.363636363636363
30003,709,591,40,0.402061855670103
30005,343,37,74,Inf
30007,304,12,62,Inf
30009,533,304,59,1.2553191489361701
30011,NA,0,NA,NA
30013,4484,4484,0,0
30015,295,35,63,Inf
30017,705,556,51,0.6071428571428572
30019,107,0,25,Inf
30021,470,172,88,Inf
30023,621,450,45,0.5890410958904109
30025,155,0,36,Inf
30027,784,694,34,0.35051546391752586
30029,4595,4595,0,0
30031,3599,7044,-108,-0.16338880484114982
30033,NA,0,NA,NA
30035,708,599,37,0.45679012345679015
30037,NA,0,NA,NA
30039,162,0,37,Inf
30041,761,642,40,0.3571428571428572
30043,510,283,59,2.269230769230769
30045,94,0,25,Inf
30047,1587,1587,0,0
30049,3136,3136,0,0
30051,91,0,29,Inf
30053,1250,1250,0,0
30055,97,0,24,Inf
30057,435,173,66,Inf
30059,118,0,28,Inf
30061,279,11,61,Inf
30063,4527,4527,0,0
30065,302,22,64,Inf
30069,NA,0,NA,NA
30071,270,42,50,Inf
30073,378,95,70,Inf
30075,101,0,24,Inf
30077,398,121,62,4.916666666666667
30079,99,0,24,Inf
30081,2342,2342,0,0
30083,449,107,75,7.5
30085,642,467,49,0.5975609756097562
30087,463,188,67,5.153846153846154
30089,776,715,21,0.15671641791044766
30091,238,10,50,Inf
30093,2124,2124,0,0
30095,438,158,65,5.416666666666667
30097,186,0,48,Inf
30099,328,62,63,Inf
30101,265,0,70,Inf
30103,NA,0,NA,NA
30105,451,140,67,3.1904761904761907
30107,141,0,36,Inf
30109,84,0,20,Inf
30111,7812,7812,0,0
31001,1596,1596,0,0
31003,376,96,66,Inf
31005,NA,0,NA,NA
31007,NA,0,NA,NA
31009,NA,0,NA,NA
31011,337,52,75,Inf
31013,601,379,58,1.074074074074074
31015,173,0,41,Inf
31017,187,0,40,Inf
31019,1830,1830,0,0
31021,473,201,60,1.7142857142857144
31023,550,337,55,1.1458333333333335
31025,1172,1172,0,0
31027,526,241,71,2.6296296296296298
31029,263,20,54,Inf
31031,328,43,67,Inf
31033,496,219,76,3.04
31035,356,63,67,Inf
31037,389,58,74,Inf
31039,485,242,69,2.875
31041,620,389,72,2.88
31043,836,778,17,0.125
31045,454,160,76,6.333333333333333
31047,1048,1004,18,0.10119047619047628
31049,119,0,27,Inf
31051,316,10,72,Inf
31053,2263,2263,0,0
31055,20761,20761,0,0
31057,129,0,31,Inf
31059,407,136,64,5.3
31061,202,0,45,Inf
31063,98,0,23,Inf
31065,325,10,71,Inf
31067,1375,1375,0,0
31069,155,0,41,Inf
31071,190,0,44,Inf
31073,122,0,26,Inf
31075,NA,0,NA,NA
31077,151,0,39,Inf
31079,2850,2850,0,0
31081,416,123,72,6
31083,212,0,48,Inf
31085,NA,0,NA,NA
31087,198,0,43,Inf
31089,643,505,44,0.676923076923077
31091,79,0,23,Inf
31093,367,84,67,5.5
31095,535,279,72,3
31097,343,22,72,Inf
31099,380,61,80,Inf
31101,475,167,68,2.8181818181818183
31103,NA,0,NA,NA
31105,279,0,64,Inf
31107,542,280,70,2.8
31109,11246,11246,0,0
31111,1912,1912,0,0
31113,NA,0,NA,NA
31115,NA,0,NA,NA
31117,NA,0,NA,NA
31119,1864,1864,0,0
31121,429,173,70,5.833333333333333
31123,300,10,64,Inf
31125,274,10,65,Inf
31127,418,109,78,7.800000000000001
31129,319,52,61,Inf
31131,887,855,15,0.0931677018633541
31133,185,0,41,Inf
31135,174,0,38,Inf
31137,578,345,70,2
31139,363,45,73,Inf
31141,1480,1480,0,0
31143,301,14,73,Inf
31145,672,513,50,0.6756756756756757
31147,595,404,55,0.9166666666666667
31149,124,0,29,Inf
31151,722,555,43,0.49425287356321834
31153,5044,5044,0,0
31155,1107,1099,8,0.03883495145631066
31157,2147,2147,0,0
31159,891,849,16,0.1151079136690647
31161,390,87,65,Inf
31163,210,0,51,Inf
31165,NA,0,NA,NA
31167,219,0,48,Inf
31169,404,89,71,Inf
31171,NA,0,NA,NA
31173,419,101,75,Inf
31175,272,10,60,Inf
31177,935,917,9,0.05454545454545445
31179,347,62,62,Inf
31181,307,44,60,Inf
31183,NA,0,NA,NA
31185,808,757,16,0.11111111111111116
32001,1424,1424,0,0
32003,83115,83115,0,0
32005,2563,2559,4,0.008928571428571397
32007,1590,1590,0,0
32009,NA,0,NA,NA
32011,NA,0,NA,NA
32013,659,533,31,0.38749999999999996
32015,251,0,54,Inf
32017,261,12,68,Inf
32019,3123,3123,0,0
32021,371,73,67,Inf
32023,3831,3831,0,0
32027,271,12,66,Inf
32029,189,0,46,Inf
32031,19556,19556,0,0
32033,461,183,65,3.25
32510,3959,3959,0,0
33001,3707,3707,0,0
33003,2832,2832,0,0
33005,3779,3779,0,0
33007,2292,2292,0,0
33009,4293,4293,0,0
33011,17321,17321,0,0
33013,7124,7124,0,0
33015,12766,12766,0,0
33017,5786,5786,0,0
33019,2309,2309,0,0
34001,13885,13885,0,0
34003,36308,36308,0,0
34005,20755,20755,0,0
34007,24330,24330,0,0
34009,6556,6556,0,0
34011,7958,7958,0,0
34013,29955,29955,0,0
34015,13597,13597,0,0
34017,18845,18845,0,0
34019,4546,4546,0,0
34021,14635,14635,0,0
34023,29862,29862,0,0
34025,27853,27853,0,0
34027,19350,19350,0,0
34029,36658,36658,0,0
34031,18761,18761,0,0
34033,3752,3752,0,0
34035,12109,12109,0,0
34037,6217,6217,0,0
34039,19951,19951,0,0
34041,5164,5164,0,0
35001,28948,28948,0,0
35003,220,0,50,Inf
35005,3349,3349,0,0
35006,1298,1298,0,0
35007,720,562,44,0.5432098765432098
35009,2108,2108,0,0
35011,135,0,35,Inf
35013,7990,7990,0,0
35015,2911,2911,0,0
35017,1747,1747,0,0
35019,243,10,55,Inf
35021,NA,0,NA,NA
35023,276,10,58,Inf
35025,2766,2766,0,0
35027,1156,1156,0,0
35028,652,507,44,0.5714285714285714
35029,1529,1529,0,0
35031,3329,3329,0,0
35033,235,0,55,Inf
35035,3126,3126,0,0
35037,601,380,55,0.9322033898305084
35039,2125,2125,0,0
35041,779,696,29,0.24786324786324787
35043,5732,5732,0,0
35045,5462,5462,0,0
35047,1478,1478,0,0
35049,6115,6115,0,0
35051,1239,1222,9,0.04477611940298498
35053,844,778,22,0.17322834645669283
35055,1596,1596,0,0
35057,784,692,34,0.3076923076923077
35059,224,0,53,Inf
35061,3482,3482,0,0
36001,13858,13858,0,0
36003,2469,2469,0,0
36005,48109,48109,0,0
36007,10660,10660,0,0
36009,4301,4301,0,0
36011,3891,3891,0,0
36013,7655,7655,0,0
36015,5139,5139,0,0
36017,2965,2965,0,0
36019,3646,3646,0,0
36021,3439,3439,0,0
36023,2273,2273,0,0
36025,2692,2692,0,0
36027,12671,12671,0,0
36029,49022,49022,0,0
36031,2177,2177,0,0
36033,2369,2369,0,0
36035,3043,3043,0,0
36037,3138,3138,0,0
36039,2640,2640,0,0
36041,307,21,71,Inf
36043,3454,3454,0,0
36045,4607,4607,0,0
36047,79773,79773,0,0
36049,1287,1278,9,0.037815126050420256
36051,2896,2896,0,0
36053,3010,3010,0,0
36055,33799,33799,0,0
36057,2934,2934,0,0
36059,54888,54888,0,0
36061,50189,50189,0,0
36063,12052,12052,0,0
36065,12952,12952,0,0
36067,21906,21906,0,0
36069,5457,5457,0,0
36071,13767,13767,0,0
36073,2114,2114,0,0
36075,5508,5508,0,0
36077,3098,3098,0,0
36079,3596,3596,0,0
36081,72736,72736,0,0
36083,7433,7433,0,0
36085,18670,18670,0,0
36087,11177,11177,0,0
36089,5021,5021,0,0
36091,9557,9557,0,0
36093,7820,7820,0,0
36095,1492,1492,0,0
36097,1026,1024,2,0.011111111111111072
36099,1855,1855,0,0
36101,5143,5143,0,0
36103,62183,62183,0,0
36105,3657,3657,0,0
36107,2393,2393,0,0
36109,3518,3518,0,0
36111,8769,8769,0,0
36113,3665,3665,0,0
36115,3242,3242,0,0
36117,4498,4498,0,0
36119,35999,35999,0,0
36121,1923,1923,0,0
36123,1374,1374,0,0
37001,8544,8544,0,0
37003,2029,2029,0,0
37005,726,609,32,0.27118644067796605
37007,1595,1595,0,0
37009,1706,1706,0,0
37011,1062,1045,9,0.048913043478260976
37013,3054,3054,0,0
37015,1241,1241,0,0
37017,2105,2105,0,0
37019,7400,7400,0,0
37021,13363,13363,0,0
37023,5205,5205,0,0
37025,7955,7955,0,0
37027,4901,4901,0,0
37029,451,157,65,2.9545454545454546
37031,4223,4223,0,0
37033,1391,1391,0,0
37035,8487,8487,0,0
37037,3542,3542,0,0
37039,1924,1924,0,0
37041,991,991,0,0
37043,784,693,25,0.19999999999999996
37045,6186,6186,0,0
37047,3559,3559,0,0
37049,5584,5584,0,0
37051,12987,12987,0,0
37053,1131,1124,7,0.03333333333333344
37055,1774,1774,0,0
37057,9173,9173,0,0
37059,2405,2405,0,0
37061,2748,2748,0,0
37063,10310,10310,0,0
37065,3424,3424,0,0
37067,17230,17230,0,0
37069,3056,3056,0,0
37071,11836,11836,0,0
37073,667,517,41,0.52564102564102555
37075,528,333,48,0.8888888888888888
37077,2773,2773,0,0
37079,1027,1018,9,0.04390243902439028
37081,22582,22582,0,0
37083,3353,3353,0,0
37085,5096,5096,0,0
37087,4043,4043,0,0
37089,7129,7129,0,0
37091,1361,1361,0,0
37093,1742,1742,0,0
37095,331,30,74,Inf
37097,7884,7884,0,0
37099,1988,1988,0,0
37101,7559,7559,0,0
37103,606,413,62,1.4090909090909092
37105,3030,3030,0,0
37107,3684,3684,0,0
37109,4140,4140,0,0
37111,2642,2642,0,0
37113,2363,2363,0,0
37115,1296,1287,9,0.03383458646616533
37117,1569,1569,0,0
37119,31384,31384,0,0
37121,1161,1145,16,0.07079646017699126
37123,1557,1557,0,0
37125,5714,5714,0,0
37127,5443,5443,0,0
37129,9965,9965,0,0
37131,1346,1346,0,0
37133,6031,6031,0,0
37135,4092,4092,0,0
37137,874,836,12,0.07792207792207795
37139,2167,2167,0,0
37141,2967,2967,0,0
37143,833,760,25,0.18656716417910446
37145,2254,2254,0,0
37147,6546,6546,0,0
37149,1524,1524,0,0
37151,7847,7847,0,0
37153,2875,2875,0,0
37155,7129,7129,0,0
37157,5886,5886,0,0
37159,8225,8225,0,0
37161,4345,4345,0,0
37163,3515,3515,0,0
37165,2023,2023,0,0
37167,3638,3638,0,0
37169,2851,2851,0,0
37171,4776,4776,0,0
37173,995,986,9,0.046391752577319645
37175,2140,2140,0,0
37177,230,0,53,Inf
37179,7356,7356,0,0
37181,2659,2659,0,0
37183,28403,28403,0,0
37185,1291,1291,0,0
37187,818,782,13,0.08904109589041087
37189,1778,1778,0,0
37191,6351,6351,0,0
37193,4211,4211,0,0
37195,4451,4451,0,0
37197,2242,2242,0,0
37199,1153,1145,8,0.03755868544600949
38001,162,0,39,Inf
38003,663,524,46,0.6615384615384616
38005,332,11,72,Inf
38007,NA,0,NA,NA
38009,419,148,61,5.545454545454546
38011,176,0,40,Inf
38013,95,0,24,Inf
38015,3693,3693,0,0
38017,5662,5662,0,0
38019,237,0,59,Inf
38021,353,33,80,Inf
38023,145,0,33,Inf
38025,173,0,37,Inf
38027,218,0,49,Inf
38029,235,0,55,Inf
38031,217,11,52,Inf
38033,62,0,14,Inf
38035,2543,2543,0,0
38037,152,0,36,Inf
38039,196,0,46,Inf
38041,148,0,33,Inf
38043,109,0,27,Inf
38045,217,0,48,Inf
38047,134,0,33,Inf
38049,321,30,63,Inf
38051,247,20,52,Inf
38053,345,0,73,Inf
38055,551,270,75,1.7941176470588234
38057,392,54,75,Inf
38059,1521,1521,0,0
38061,482,210,74,2.96
38063,277,10,59,Inf
38065,60,0,15,Inf
38067,402,106,79,Inf
38069,267,23,63,Inf
38071,684,538,38,0.45783132530120474
38073,412,80,73,7.300000000000001
38075,147,0,36,Inf
38077,740,628,31,0.2844036697247707
38079,657,517,47,0.6351351351351351
38081,179,0,39,Inf
38083,NA,0,NA,NA
38085,214,0,48,Inf
38087,NA,0,NA,NA
38089,1184,1184,0,0
38091,89,0,25,Inf
38093,1203,1203,0,0
38095,142,0,37,Inf
38097,475,164,70,7
38099,733,632,39,0.3899999999999999
38101,2362,2362,0,0
38103,333,30,65,Inf
38105,1155,1146,9,0.0387931034482758
39001,1815,1815,0,0
39003,5769,5769,0,0
39005,2938,2938,0,0
39007,6127,6127,0,0
39009,2491,2491,0,0
39011,2451,2451,0,0
39013,4494,4494,0,0
39015,2680,2680,0,0
39017,17255,17255,0,0
39019,1634,1634,0,0
39021,2092,2092,0,0
39023,8919,8919,0,0
39025,9226,9226,0,0
39027,2294,2294,0,0
39029,6633,6633,0,0
39031,2101,2101,0,0
39033,2869,2869,0,0
39035,70072,70072,0,0
39037,3157,3157,0,0
39039,2054,2054,0,0
39041,5689,5689,0,0
39043,4875,4875,0,0
39045,6870,6870,0,0
39047,1887,1887,0,0
39049,49806,49806,0,0
39051,2206,2206,0,0
39053,1953,1953,0,0
39055,4237,4237,0,0
39057,7658,7658,0,0
39059,2441,2441,0,0
39061,40485,40485,0,0
39063,3970,3970,0,0
39065,1606,1606,0,0
39067,1023,1016,7,0.03645833333333326
39069,1484,1484,0,0
39071,2537,2537,0,0
39073,1601,1601,0,0
39075,1683,1683,0,0
39077,3072,3072,0,0
39079,2145,2145,0,0
39081,4756,4756,0,0
39083,3144,3144,0,0
39085,12756,12756,0,0
39087,4271,4271,0,0
39089,8454,8454,0,0
39091,2577,2577,0,0
39093,15984,15984,0,0
39095,23130,23130,0,0
39097,2159,2159,0,0
39099,15383,15383,0,0
39101,3920,3920,0,0
39103,7688,7688,0,0
39105,1536,1536,0,0
39107,2047,2047,0,0
39109,5653,5653,0,0
39111,883,867,9,0.05521472392638027
39113,31717,31717,0,0
39115,898,867,9,0.054216867469879526
39117,1665,1665,0,0
39119,5094,5094,0,0
39121,706,553,55,0.6875
39123,2549,2549,0,0
39125,1037,1003,17,0.09189189189189184
39127,1841,1841,0,0
39129,3060,3060,0,0
39131,1880,1880,0,0
39133,7613,7613,0,0
39135,2427,2427,0,0
39137,1579,1579,0,0
39139,7381,7381,0,0
39141,4418,4418,0,0
39143,3458,3458,0,0
39145,5279,5279,0,0
39147,3099,3099,0,0
39149,2381,2381,0,0
39151,22011,22011,0,0
39153,29712,29712,0,0
39155,13138,13138,0,0
39157,5480,5480,0,0
39159,1993,1993,0,0
39161,1633,1633,0,0
39163,754,678,40,0.43956043956043955
39165,8912,8912,0,0
39167,3841,3841,0,0
39169,5869,5869,0,0
39171,2153,2153,0,0
39173,5874,5874,0,0
39175,1297,1297,0,0
40001,1272,1264,8,0.034782608695652195
40003,302,20,63,Inf
40005,848,823,7,0.043209876543209846
40007,280,0,64,Inf
40009,1199,1199,0,0
40011,667,468,55,0.7432432432432432
40013,2609,2609,0,0
40015,1890,1890,0,0
40017,5205,5205,0,0
40019,2950,2950,0,0
40021,2482,2482,0,0
40023,1076,1076,0,0
40025,142,0,40,Inf
40027,10104,10104,0,0
40029,448,121,87,Inf
40031,5250,5250,0,0
40033,388,35,80,Inf
40035,1023,1007,9,0.05084745762711873
40037,4335,4335,0,0
40039,1550,1550,0,0
40041,2792,2792,0,0
40043,343,23,71,Inf
40045,275,22,65,Inf
40047,3530,3530,0,0
40049,1793,1793,0,0
40051,2798,2798,0,0
40053,313,20,71,Inf
40055,356,70,69,5.75
40057,156,0,43,Inf
40059,203,0,47,Inf
40061,855,817,27,0.2109375
40063,966,950,16,0.09815950920245409
40065,1299,1299,0,0
40067,437,153,80,Inf
40069,710,618,33,0.3402061855670102
40071,2981,2981,0,0
40073,795,742,23,0.19827586206896552
40075,701,584,36,0.3999999999999999
40077,758,667,29,0.3052631578947369
40079,3195,3195,0,0
40081,1986,1986,0,0
40083,1917,1917,0,0
40085,586,369,58,1.1153846153846154
40087,1887,1887,0,0
40089,2107,2107,0,0
40091,1510,1510,0,0
40093,522,257,58,1.4411764705882355
40095,1010,994,9,0.045454545454545414
40097,2500,2500,0,0
40099,966,959,7,0.03664921465968596
40101,4649,4649,0,0
40103,726,595,42,0.4285714285714286
40105,693,530,46,0.5227272727272727
40107,929,896,9,0.054878048780487854
40109,36451,36451,0,0
40111,2607,2607,0,0
40113,2329,2329,0,0
40115,2227,2227,0,0
40117,1063,1055,8,0.041450777202072464
40119,2978,2978,0,0
40121,3066,3066,0,0
40123,2204,2204,0,0
40125,4316,4316,0,0
40127,800,717,25,0.19999999999999996
40129,186,0,42,Inf
40131,4512,4512,0,0
40133,1741,1741,0,0
40135,2649,2649,0,0
40137,2876,2876,0,0
40139,932,858,24,0.14906832298136652
40141,480,166,76,3
40143,29692,29692,0,0
40145,3158,3158,0,0
40147,3249,3249,0,0
40149,727,614,24,0.21238938053097356
40151,512,252,66,2.3333333333333335
40153,994,969,17,0.11038961038961048
41001,1071,1071,0,0
41003,2924,2924,0,0
41005,17232,17232,0,0
41007,2008,2008,0,0
41009,2335,2335,0,0
41011,4618,4618,0,0
41013,1325,1325,0,0
41015,1947,1947,0,0
41017,7582,7582,0,0
41019,7575,7575,0,0
41021,102,0,25,Inf
41023,470,195,58,1.6470588235294117
41025,436,137,66,Inf
41027,929,898,9,0.049180327868852514
41029,12053,12053,0,0
41031,1045,1045,0,0
41033,6226,6226,0,0
41035,4080,4080,0,0
41037,501,244,67,2.2333333333333334
41039,18296,18296,0,0
41041,3121,3121,0,0
41043,6625,6625,0,0
41045,1533,1533,0,0
41047,14167,14167,0,0
41049,422,83,76,6
41051,29034,29034,0,0
41053,3509,3509,0,0
41055,101,0,22,Inf
41057,1539,1539,0,0
41059,3350,3350,0,0
41061,1431,1431,0,0
41063,445,144,77,6.416666666666667
41065,1633,1633,0,0
41067,17114,17114,0,0
41069,96,0,25,Inf
41071,4789,4789,0,0
42001,5317,5317,0,0
42003,69276,69276,0,0
42005,4360,4360,0,0
42007,11006,11006,0,0
42009,2936,2936,0,0
42011,20088,20088,0,0
42013,8114,8114,0,0
42015,3517,3517,0,0
42017,30667,30667,0,0
42019,10128,10128,0,0
42021,9519,9519,0,0
42023,321,62,65,Inf
42025,4067,4067,0,0
42027,4960,4960,0,0
42029,20134,20134,0,0
42031,2097,2097,0,0
42033,4838,4838,0,0
42035,2094,2094,0,0
42037,3560,3560,0,0
42039,5071,5071,0,0
42041,12035,12035,0,0
42043,12847,12847,0,0
42045,27645,27645,0,0
42047,1946,1946,0,0
42049,14677,14677,0,0
42051,9163,9163,0,0
42053,435,156,71,4.923076923076923
42055,7998,7998,0,0
42057,827,761,32,0.27118644067796605
42059,2287,2287,0,0
42061,2418,2418,0,0
42063,4610,4610,0,0
42065,2791,2791,0,0
42067,1291,1291,0,0
42069,13396,13396,0,0
42071,25595,25595,0,0
42073,5956,5956,0,0
42075,7625,7625,0,0
42077,17094,17094,0,0
42079,20502,20502,0,0
42081,6490,6490,0,0
42083,2644,2644,0,0
42085,7483,7483,0,0
42087,2836,2836,0,0
42089,7556,7556,0,0
42091,38303,38303,0,0
42093,1152,1135,9,0.044334975369458185
42095,15291,15291,0,0
42097,5927,5927,0,0
42099,2317,2317,0,0
42101,71711,71711,0,0
42103,2680,2680,0,0
42105,1072,1054,18,0.09424083769633507
42107,9801,9801,0,0
42109,1804,1804,0,0
42111,4942,4942,0,0
42113,499,212,72,6.545454545454546
42115,2492,2492,0,0
42117,2319,2319,0,0
42119,1876,1876,0,0
42121,3275,3275,0,0
42123,2530,2530,0,0
42125,12973,12973,0,0
42127,3087,3087,0,0
42129,22948,22948,0,0
42131,1655,1655,0,0
42133,21108,21108,0,0
44001,2658,2658,0,0
44003,8864,8864,0,0
44005,4164,4164,0,0
44007,28657,28657,0,0
44009,6051,6051,0,0
45001,1546,1546,0,0
45003,9050,9050,0,0
45005,596,356,73,2.5172413793103448
45007,11238,11238,0,0
45009,977,952,9,0.05142857142857138
45011,1312,1312,0,0
45013,8028,8028,0,0
45015,7627,7627,0,0
45017,884,840,18,0.11538461538461542
45019,16527,16527,0,0
45021,3346,3346,0,0
45023,2137,2137,0,0
45025,2682,2682,0,0
45027,2033,2033,0,0
45029,2694,2694,0,0
45031,4313,4313,0,0
45033,1920,1920,0,0
45035,5953,5953,0,0
45037,1167,1167,0,0
45039,1487,1487,0,0
45041,7768,7768,0,0
45043,3974,3974,0,0
45045,22088,22088,0,0
45047,4028,4028,0,0
45049,1213,1213,0,0
45051,18172,18172,0,0
45053,1260,1260,0,0
45055,3452,3452,0,0
45057,4584,4584,0,0
45059,4324,4324,0,0
45061,1255,1255,0,0
45063,12695,12695,0,0
45065,730,623,33,0.32352941176470584
45067,2144,2144,0,0
45069,1794,1794,0,0
45071,2230,2230,0,0
45073,4643,4643,0,0
45075,5391,5391,0,0
45077,6171,6171,0,0
45079,15433,15433,0,0
45081,1079,1070,9,0.04225352112676051
45083,15830,15830,0,0
45085,5767,5767,0,0
45087,1994,1994,0,0
45089,2130,2130,0,0
45091,10705,10705,0,0
46003,145,0,37,Inf
46005,971,954,9,0.048387096774193505
46007,192,0,45,Inf
46009,401,88,79,7.9
46011,965,956,9,0.04663212435233155
46013,1809,1809,0,0
46015,269,10,64,Inf
46017,120,0,32,Inf
46019,561,355,54,1.227272727272727
46021,78,0,19,Inf
46023,573,334,62,1.3777777777777778
46025,205,0,47,Inf
46027,514,241,69,1.9393939393939394
46029,1233,1233,0,0
46031,254,10,53,Inf
46033,508,263,61,1.90625
46035,1124,1115,9,0.04326923076923084
46037,388,79,71,Inf
46039,242,0,53,Inf
46041,298,10,63,Inf
46043,212,0,45,Inf
46045,209,0,48,Inf
46047,596,404,46,0.605263157894737
46049,162,0,40,Inf
46051,448,167,63,3.1500000000000004
46053,302,32,59,Inf
46055,132,0,30,Inf
46057,321,42,73,Inf
46059,229,0,52,Inf
46061,118,0,34,Inf
46063,NA,0,NA,NA
46065,825,744,29,0.23199999999999998
46067,568,335,64,1.3617021276595747
46069,119,0,29,Inf
46071,167,0,44,Inf
46073,150,0,38,Inf
46075,NA,0,NA,NA
46077,328,32,68,Inf
46079,581,389,65,3.095238095238095
46081,1210,1210,0,0
46083,1346,1346,0,0
46085,188,0,45,Inf
46087,371,43,72,Inf
46089,179,0,41,Inf
46091,217,0,63,Inf
46093,1061,1061,0,0
46095,149,0,38,Inf
46097,169,0,38,Inf
46099,7326,7326,0,0
46101,289,0,68,Inf
46102,758,668,37,0.38144329896907214
46103,4785,4785,0,0
46105,201,0,44,Inf
46107,169,0,40,Inf
46109,568,330,56,0.9824561403508771
46111,133,0,31,Inf
46115,377,55,76,Inf
46117,100,0,24,Inf
46119,NA,0,NA,NA
46121,461,177,72,5.142857142857143
46123,386,61,73,Inf
46125,536,280,66,1.8181818181818183
46127,644,460,54,0.8059701492537314
46129,389,106,70,7
46135,1256,1256,0,0
46137,89,0,20,Inf
47001,4987,4987,0,0
47003,2533,2533,0,0
47005,1307,1307,0,0
47007,749,620,37,0.4065934065934067
47009,7246,7246,0,0
47011,5522,5522,0,0
47013,3054,3054,0,0
47015,907,892,8,0.049689440993788914
47017,2158,2158,0,0
47019,3771,3771,0,0
47021,2174,2174,0,0
47023,954,939,9,0.048387096774193505
47025,2178,2178,0,0
47027,589,382,58,0.8923076923076922
47029,2694,2694,0,0
47031,3442,3442,0,0
47033,981,949,16,0.09411764705882364
47035,4258,4258,0,0
47037,27216,27216,0,0
47039,874,807,33,0.24626865671641784
47041,1259,1259,0,0
47043,2961,2961,0,0
47045,2434,2434,0,0
47047,2139,2139,0,0
47049,1300,1300,0,0
47051,2551,2551,0,0
47053,3434,3434,0,0
47055,1948,1948,0,0
47057,1495,1495,0,0
47059,4830,4830,0,0
47061,1038,1005,17,0.09444444444444455
47063,3883,3883,0,0
47065,18449,18449,0,0
47067,512,243,70,2.9166666666666665
47069,1549,1549,0,0
47071,1974,1974,0,0
47073,3751,3751,0,0
47075,1095,1086,9,0.04499999999999993
47077,1759,1759,0,0
47079,2404,2404,0,0
47081,1473,1473,0,0
47083,600,382,52,0.7647058823529411
47085,1282,1282,0,0
47087,827,761,25,0.20833333333333326
47089,3261,3261,0,0
47091,1278,1278,0,0
47093,22830,22830,0,0
47095,505,261,63,1.9090909090909092
47097,1536,1536,0,0
47099,2822,2822,0,0
47101,803,730,29,0.25217391304347836
47103,2188,2188,0,0
47105,3335,3335,0,0
47107,3465,3465,0,0
47109,1939,1939,0,0
47111,1364,1364,0,0
47113,5279,5279,0,0
47115,1875,1875,0,0
47117,1811,1811,0,0
47119,4799,4799,0,0
47121,865,824,16,0.10389610389610393
47123,2979,2979,0,0
47125,6759,6759,0,0
47127,342,56,67,Inf
47129,1276,1276,0,0
47131,1946,1946,0,0
47133,1572,1572,0,0
47135,626,429,55,0.9482758620689655
47137,389,90,76,Inf
47139,1201,1183,9,0.044334975369458185
47141,4210,4210,0,0
47143,2154,2154,0,0
47145,3834,3834,0,0
47147,3462,3462,0,0
47149,10292,10292,0,0
47151,1394,1394,0,0
47153,825,762,18,0.125
47155,5460,5460,0,0
47157,41892,41892,0,0
47159,1071,1062,9,0.05142857142857138
47161,820,749,29,0.24786324786324787
47163,10628,10628,0,0
47165,8153,8153,0,0
47167,3101,3101,0,0
47169,497,211,63,2.6666666666666665
47171,1456,1456,0,0
47173,1131,1131,0,0
47175,439,135,71,Inf
47177,2571,2571,0,0
47179,7372,7372,0,0
47181,1064,1055,9,0.040909090909091006
47183,1998,1998,0,0
47185,1881,1881,0,0
47187,6601,6601,0,0
47189,5644,5644,0,0
48001,3356,3356,0,0
48003,656,499,47,0.7580645161290323
48005,4576,4576,0,0
48007,1725,1725,0,0
48009,458,152,80,Inf
48011,149,0,38,Inf
48013,2061,2061,0,0
48015,1425,1425,0,0
48017,294,0,75,Inf
48019,1246,1228,18,0.09137055837563457
48021,3474,3474,0,0
48023,326,22,68,Inf
48025,1361,1361,0,0
48027,11496,11496,0,0
48029,67606,67606,0,0
48031,637,454,54,0.7941176470588236
48033,NA,0,NA,NA
48035,1261,1261,0,0
48037,5297,5297,0,0
48039,11772,11772,0,0
48041,5259,5259,0,0
48043,429,174,57,2.4347826086956523
48045,96,0,25,Inf
48047,407,110,79,Inf
48049,2518,2518,0,0
48051,1175,1175,0,0
48053,2603,2603,0,0
48055,1801,1801,0,0
48057,1026,1018,8,0.042105263157894646
48059,875,860,9,0.05624999999999991
48061,13730,13730,0,0
48063,723,601,34,0.278688524590164
48065,307,44,57,Inf
48067,2076,2076,0,0
48069,309,34,65,Inf
48071,1439,1431,8,0.028469750889679624
48073,2824,2824,0,0
48075,394,88,74,Inf
48077,646,469,48,0.6857142857142857
48079,140,11,31,Inf
48081,260,0,56,Inf
48083,700,555,48,0.5647058823529412
48085,22202,22202,0,0
48087,190,0,46,Inf
48089,1301,1301,0,0
48091,6174,6174,0,0
48093,915,882,17,0.11038961038961048
48095,164,0,37,Inf
48097,2086,2086,0,0
48099,2493,2493,0,0
48101,118,0,31,Inf
48103,187,0,46,Inf
48105,189,0,46,Inf
48107,365,69,66,Inf
48109,102,0,26,Inf
48111,220,0,49,Inf
48113,81465,81465,0,0
48115,659,516,40,0.41666666666666674
48117,749,666,24,0.18399999999999994
48119,354,35,71,Inf
48121,18783,18783,0,0
48123,1344,1344,0,0
48125,140,0,29,Inf
48127,474,199,74,Inf
48129,254,0,56,Inf
48131,655,475,70,1.3725490196078431
48133,1300,1300,0,0
48135,6123,6123,0,0
48137,134,0,33,Inf
48139,6398,6398,0,0
48141,27300,27300,0,0
48143,1701,1701,0,0
48145,939,925,9,0.0494505494505495
48147,2246,2246,0,0
48149,1589,1589,0,0
48151,227,0,52,Inf
48153,317,10,67,Inf
48155,103,0,24,Inf
48157,16648,16648,0,0
48159,613,391,56,0.8888888888888888
48161,1081,1057,9,0.048648648648648596
48163,725,593,33,0.34736842105263155
48165,603,395,60,1.3043478260869565
48167,14029,14029,0,0
48169,237,0,56,Inf
48171,1783,1783,0,0
48173,NA,0,NA,NA
48175,426,127,70,7
48177,1046,1032,8,0.042553191489361764
48179,1347,1347,0,0
48181,7350,7350,0,0
48183,6597,6597,0,0
48185,1433,1433,0,0
48187,5607,5607,0,0
48189,1585,1585,0,0
48191,227,0,57,Inf
48193,705,589,32,0.2735042735042734
48195,252,0,56,Inf
48197,244,11,51,Inf
48199,2974,2974,0,0
48201,132177,132177,0,0
48203,3393,3393,0,0
48205,228,0,52,Inf
48207,374,88,71,Inf
48209,5603,5603,0,0
48211,179,0,49,Inf
48213,5558,5558,0,0
48215,22196,22196,0,0
48217,2278,2278,0,0
48219,1093,1093,0,0
48221,3641,3641,0,0
48223,2060,2060,0,0
48225,1455,1455,0,0
48227,1900,1900,0,0
48229,123,0,33,Inf
48231,4816,4816,0,0
48233,1255,1240,8,0.03493449781659397
48235,67,0,15,Inf
48237,492,230,61,1.8484848484848486
48239,793,709,32,0.2807017543859649
48241,2208,2208,0,0
48243,100,0,29,Inf
48245,12588,12588,0,0
48247,250,23,51,Inf
48249,2051,2051,0,0
48251,7208,7208,0,0
48253,925,911,8,0.04444444444444451
48255,730,614,46,0.6133333333333333
48257,4940,4940,0,0
48259,1889,1889,0,0
48261,NA,0,NA,NA
48263,NA,0,NA,NA
48265,3727,3727,0,0
48267,298,10,68,Inf
48269,NA,0,NA,NA
48271,197,0,45,Inf
48273,1409,1409,0,0
48275,269,0,62,Inf
48277,3126,3126,0,0
48279,755,665,28,0.2886597938144331
48281,1090,1082,8,0.037735849056603765
48283,289,11,65,Inf
48285,1301,1301,0,0
48287,904,857,15,0.10273972602739723
48289,1095,1095,0,0
48291,4138,4138,0,0
48293,1402,1402,0,0
48295,142,0,35,Inf
48297,633,449,54,0.8181818181818181
48299,1643,1643,0,0
48301,NA,0,NA,NA
48303,12767,12767,0,0
48305,305,10,67,Inf
48307,544,304,67,6.7
48309,10896,10896,0,0
48311,NA,0,NA,NA
48313,704,578,35,0.3465346534653466
48315,817,755,29,0.25217391304347836
48317,253,0,66,Inf
48319,252,0,61,Inf
48321,2047,2047,0,0
48323,2007,2007,0,0
48325,2208,2208,0,0
48327,175,0,41,Inf
48329,5609,5609,0,0
48331,1488,1488,0,0
48333,363,31,79,Inf
48335,475,220,63,2.739130434782609
48337,1395,1386,9,0.03135888501742157
48339,19235,19235,0,0
48341,758,647,36,0.34285714285714275
48343,929,904,9,0.04761904761904767
48345,95,0,27,Inf
48347,2920,2920,0,0
48349,2804,2804,0,0
48351,802,730,24,0.17391304347826098
48353,926,874,18,0.09473684210526323
48355,14850,14850,0,0
48357,370,54,71,Inf
48359,83,0,19,Inf
48361,4959,4959,0,0
48363,1693,1693,0,0
48365,1393,1393,0,0
48367,5800,5800,0,0
48369,384,75,81,Inf
48371,619,424,52,0.8387096774193548
48373,3338,3338,0,0
48375,6214,6214,0,0
48377,229,11,50,Inf
48379,760,646,33,0.3142857142857143
48381,5356,5356,0,0
48383,137,0,39,Inf
48385,253,10,61,Inf
48387,923,876,17,0.11564625850340127
48389,569,357,57,1
48391,456,140,80,Inf
48393,NA,0,NA,NA
48395,954,931,15,0.09433962264150941
48397,3013,3013,0,0
48399,706,599,32,0.2962962962962963
48401,2728,2728,0,0
48403,866,831,18,0.12413793103448278
48405,652,474,44,0.5176470588235293
48407,1631,1631,0,0
48409,3212,3212,0,0
48411,351,61,69,Inf
48413,143,0,38,Inf
48415,859,819,15,0.10489510489510478
48417,151,0,35,Inf
48419,1485,1485,0,0
48421,134,0,35,Inf
48423,10682,10682,0,0
48425,470,224,56,1.4864864864864864
48427,2117,2117,0,0
48429,561,317,59,1.1800000000000002
48431,NA,0,NA,NA
48433,NA,0,NA,NA
48435,157,0,34,Inf
48437,435,144,71,7.1
48439,65462,65462,0,0
48441,6972,6972,0,0
48443,NA,0,NA,NA
48445,680,540,38,0.4269662921348314
48447,116,0,30,Inf
48449,1506,1506,0,0
48451,5352,5352,0,0
48453,28363,28363,0,0
48455,1225,1225,0,0
48457,1384,1378,6,0.023622047244094446
48459,2399,2399,0,0
48461,157,0,36,Inf
48463,1274,1265,9,0.0401785714285714
48465,1954,1954,0,0
48467,3278,3278,0,0
48469,4197,4197,0,0
48471,2709,2709,0,0
48473,1633,1633,0,0
48475,585,384,52,1.1818181818181817
48477,1876,1876,0,0
48479,6999,6999,0,0
48481,2179,2179,0,0
48483,333,63,74,Inf
48485,6938,6938,0,0
48487,802,712,26,0.19999999999999996
48489,868,810,25,0.19841269841269837
48491,14426,14426,0,0
48493,2054,2054,0,0
48495,357,73,76,Inf
48497,3115,3115,0,0
48499,3178,3178,0,0
48501,315,21,66,Inf
48503,1282,1282,0,0
48505,480,245,50,1.4285714285714284
48507,558,332,55,0.9821428571428572
49001,302,11,68,Inf
49003,1960,1960,0,0
49005,2850,2850,0,0
49007,1113,1105,8,0.03846153846153855
49009,NA,0,NA,NA
49011,9114,9114,0,0
49013,751,682,18,0.15517241379310343
49015,506,250,69,4.846153846153846
49017,246,10,57,Inf
49019,440,139,72,5.538461538461538
49021,1635,1635,0,0
49023,369,61,71,Inf
49025,382,101,63,Inf
49027,522,232,70,2
49029,320,42,67,Inf
49031,92,0,27,Inf
49033,84,0,23,Inf
49035,33597,33597,0,0
49037,589,412,47,0.6825396825396826
49039,986,986,0,0
49041,1018,1001,9,0.046391752577319645
49043,760,683,33,0.3142857142857143
49045,1885,1885,0,0
49047,1252,1243,9,0.0396475770925111
49049,12818,12818,0,0
49051,708,576,31,0.30612244897959173
49053,6862,6862,0,0
49055,127,0,32,Inf
49057,9025,9025,0,0
50001,1597,1597,0,0
50003,2337,2337,0,0
50005,1595,1595,0,0
50007,5780,5780,0,0
50009,378,75,78,Inf
50011,2206,2206,0,0
50013,303,12,66,Inf
50015,1034,1010,17,0.09941520467836251
50017,1395,1395,0,0
50019,1625,1625,0,0
50021,3529,3529,0,0
50023,2730,2730,0,0
50025,2318,2318,0,0
50027,2991,2991,0,0
51001,2185,2185,0,0
51003,4253,4253,0,0
51005,1072,1072,0,0
51007,786,739,34,0.31192660550458706
51009,1752,1752,0,0
51011,926,904,13,0.08280254777070062
51013,4497,4497,0,0
51015,3569,3569,0,0
51017,340,32,76,Inf
51019,4091,4091,0,0
51021,423,92,76,Inf
51023,1780,1780,0,0
51025,1075,1058,9,0.046875
51027,1609,1609,0,0
51029,817,772,15,0.11111111111111116
51031,2893,2893,0,0
51033,1436,1436,0,0
51035,1813,1813,0,0
51036,436,175,69,4.909090909090909
51037,820,750,29,0.21641791044776126
51041,12799,12799,0,0
51043,788,728,32,0.2857142857142858
51045,278,20,61,Inf
51047,2219,2219,0,0
51049,492,193,62,1.823529411764706
51051,1093,1084,9,0.046391752577319645
51053,1341,1341,0,0
51057,677,541,36,0.3870967741935485
51059,25722,25722,0,0
51061,2792,2792,0,0
51063,821,761,25,0.18796992481203012
51065,1169,1169,0,0
51067,3070,3070,0,0
51069,3638,3638,0,0
51071,1171,1162,9,0.0420560747663552
51073,2052,2052,0,0
51075,1016,990,9,0.05294117647058827
51077,1022,1014,8,0.03980099502487566
51079,805,772,18,0.12765957446808507
51081,765,646,38,0.45783132530120474
51083,2399,2399,0,0
51085,4743,4743,0,0
51087,14118,14118,0,0
51089,3445,3445,0,0
51091,147,0,41,Inf
51093,1770,1770,0,0
51095,3901,3901,0,0
51097,464,183,79,5.266666666666667
51099,912,888,9,0.05769230769230771
51101,766,707,20,0.15748031496062986
51103,1078,1061,9,0.044334975369458185
51105,1542,1542,0,0
51107,7134,7134,0,0
51109,1742,1742,0,0
51111,782,740,18,0.1333333333333333
51113,754,637,41,0.3904761904761904
51115,658,521,42,0.48275862068965525
51117,2332,2332,0,0
51119,818,784,18,0.11764705882352944
51121,3198,3198,0,0
51125,938,901,11,0.06470588235294117
51127,877,809,26,0.23636363636363633
51131,891,831,26,0.17218543046357615
51133,906,894,8,0.04878048780487809
51135,1039,1039,0,0
51137,2033,2033,0,0
51139,1488,1488,0,0
51141,1326,1326,0,0
51143,3622,3622,0,0
51145,1079,1061,9,0.05232558139534893
51147,1205,1205,0,0
51149,1214,1214,0,0
51153,9765,9765,0,0
51155,2283,2283,0,0
51157,344,43,71,Inf
51159,624,444,46,0.6133333333333333
51161,5120,5120,0,0
51163,1338,1338,0,0
51165,3655,3655,0,0
51167,1824,1824,0,0
51169,1656,1656,0,0
51171,2476,2476,0,0
51173,2290,2290,0,0
51175,917,896,21,0.18103448275862077
51177,4712,4712,0,0
51179,3882,3882,0,0
51181,406,90,81,Inf
51183,707,575,33,0.32978723404255317
51185,3097,3097,0,0
51187,1945,1945,0,0
51191,3320,3320,0,0
51193,1191,1191,0,0
51195,2587,2587,0,0
51197,2062,2062,0,0
51199,2246,2246,0,0
51510,3622,3622,0,0
51520,1401,1401,0,0
51530,406,109,77,Inf
51540,1455,1455,0,0
51550,9135,9135,0,0
51570,1311,1311,0,0
51580,581,360,63,1.7999999999999998
51590,3494,3494,0,0
51595,285,40,75,Inf
51600,1231,1231,0,0
51610,458,184,68,Inf
51620,711,596,36,0.3600000000000001
51630,1015,992,9,0.05624999999999991
51640,844,772,26,0.19658119658119655
51650,6470,6470,0,0
51660,1585,1585,0,0
51670,1565,1565,0,0
51678,434,153,67,3.1904761904761907
51680,4011,4011,0,0
51683,1243,1243,0,0
51685,182,0,62,Inf
51690,1590,1590,0,0
51700,7894,7894,0,0
51710,10070,10070,0,0
51720,272,11,59,Inf
51730,2689,2689,0,0
51735,612,410,45,0.661764705882353
51740,5343,5343,0,0
51750,616,411,54,0.8307692307692307
51760,9207,9207,0,0
51770,6099,6099,0,0
51775,1791,1791,0,0
51790,1905,1905,0,0
51800,3839,3839,0,0
51810,15807,15807,0,0
51820,1416,1416,0,0
51830,364,128,64,Inf
51840,1289,1289,0,0
53001,605,411,44,0.7857142857142858
53003,1301,1301,0,0
53005,7329,7329,0,0
53007,3500,3500,0,0
53009,5118,5118,0,0
53011,17780,17780,0,0
53013,292,42,61,Inf
53015,5958,5958,0,0
53017,1532,1532,0,0
53019,417,115,68,5.333333333333333
53021,1997,1997,0,0
53023,140,0,35,Inf
53025,3496,3496,0,0
53027,4282,4282,0,0
53029,3878,3878,0,0
53031,1926,1926,0,0
53033,65954,65954,0,0
53035,11240,11240,0,0
53037,1598,1598,0,0
53039,987,954,16,0.11428571428571432
53041,4582,4582,0,0
53043,573,329,61,1.2444444444444445
53045,3461,3461,0,0
53047,2264,2264,0,0
53049,1636,1636,0,0
53051,793,751,12,0.09160305343511443
53053,33840,33840,0,0
53055,724,588,34,0.3434343434343434
53057,6172,6172,0,0
53059,460,182,67,3.764705882352941
53061,27389,27389,0,0
53063,23218,23218,0,0
53065,2339,2339,0,0
53067,11491,11491,0,0
53069,244,11,53,Inf
53071,2944,2944,0,0
53073,8512,8512,0,0
53075,1379,1379,0,0
53077,10148,10148,0,0
54001,971,966,5,0.02840909090909083
54003,5302,5302,0,0
54005,1634,1634,0,0
54007,914,898,9,0.05294117647058827
54009,1643,1643,0,0
54011,6489,6489,0,0
54013,476,180,79,Inf
54015,608,399,52,0.7878787878787878
54017,402,90,74,6.7272727272727275
54019,3241,3241,0,0
54021,438,125,68,3.090909090909091
54023,711,586,34,0.3908045977011494
54025,2534,2534,0,0
54027,1384,1376,8,0.032258064516129004
54029,2183,2183,0,0
54031,796,716,23,0.20175438596491224
54033,4378,4378,0,0
54035,1834,1834,0,0
54037,2474,2474,0,0
54039,12871,12871,0,0
54041,1197,1197,0,0
54043,1436,1436,0,0
54045,2788,2788,0,0
54047,1679,1679,0,0
54049,3585,3585,0,0
54051,2011,2011,0,0
54053,1816,1816,0,0
54055,4475,4475,0,0
54057,1697,1697,0,0
54059,1783,1783,0,0
54061,3601,3601,0,0
54063,886,836,17,0.11805555555555558
54065,1142,1142,0,0
54067,1686,1686,0,0
54069,2954,2954,0,0
54071,488,202,68,2.5185185185185186
54073,486,183,77,5.5
54075,526,228,69,1.8157894736842106
54077,1891,1891,0,0
54079,3066,3066,0,0
54081,5413,5413,0,0
54083,1838,1838,0,0
54085,611,422,49,0.8448275862068966
54087,1047,1038,9,0.048387096774193505
54089,987,955,16,0.09756097560975618
54091,999,966,18,0.09944751381215466
54093,465,206,73,3.3181818181818183
54095,581,343,60,1.0909090909090908
54097,1372,1372,0,0
54099,2647,2647,0,0
54101,631,495,44,0.55
54103,1108,1099,9,0.04477611940298498
54105,307,10,67,Inf
54107,5547,5547,0,0
54109,1613,1613,0,0
55001,1341,1341,0,0
55003,965,965,0,0
55005,2616,2616,0,0
55007,831,742,30,0.24193548387096775
55009,10319,10319,0,0
55011,662,501,49,0.5384615384615385
55013,961,954,7,0.043749999999999956
55015,1816,1816,0,0
55017,3062,3062,0,0
55019,1726,1726,0,0
55021,2792,2792,0,0
55023,885,853,16,0.10191082802547768
55025,16676,16676,0,0
55027,4742,4742,0,0
55029,1715,1715,0,0
55031,2107,2107,0,0
55033,1769,1769,0,0
55035,4406,4406,0,0
55037,337,36,66,Inf
55039,4822,4822,0,0
55041,626,493,43,0.49425287356321834
55043,2534,2534,0,0
55045,1772,1772,0,0
55047,1193,1193,0,0
55049,1041,1026,9,0.040909090909091006
55051,447,174,62,2.608695652173913
55053,1055,1047,8,0.036363636363636376
55055,3551,3551,0,0
55057,1510,1510,0,0
55059,7310,7310,0,0
55061,939,908,9,0.05696202531645578
55063,5124,5124,0,0
55065,716,597,36,0.39560439560439553
55067,1167,1167,0,0
55069,1700,1700,0,0
55071,4460,4460,0,0
55073,6172,6172,0,0
55075,2701,2701,0,0
55077,989,974,8,0.045454545454545414
55078,241,0,53,Inf
55079,42100,42100,0,0
55081,2146,2146,0,0
55083,1866,1866,0,0
55085,2353,2353,0,0
55087,7429,7429,0,0
55089,4025,4025,0,0
55091,348,43,72,Inf
55093,1460,1460,0,0
55095,2305,2305,0,0
55097,2686,2686,0,0
55099,943,919,9,0.05454545454545445
55101,9392,9392,0,0
55103,974,958,9,0.051136363636363535
55105,7739,7739,0,0
55107,921,899,15,0.0980392156862746
55109,3079,3079,0,0
55111,3283,3283,0,0
55113,1067,1067,0,0
55115,2402,2402,0,0
55117,5706,5706,0,0
55119,958,935,18,0.10465116279069764
55121,1486,1486,0,0
55123,1511,1511,0,0
55125,1560,1560,0,0
55127,4753,4753,0,0
55129,1025,1025,0,0
55131,5879,5879,0,0
55133,17462,17462,0,0
55135,3674,3674,0,0
55137,1440,1440,0,0
55139,7668,7668,0,0
55141,4195,4195,0,0
56001,956,905,25,0.1953125
56003,711,604,35,0.368421052631579
56005,1265,1256,9,0.045454545454545414
56007,671,545,40,0.5128205128205128
56009,616,418,52,0.7536231884057971
56011,317,22,66,Inf
56013,2157,2157,0,0
56015,727,574,42,0.46153846153846145
56017,382,101,64,Inf
56019,496,255,64,3.2
56021,4265,4265,0,0
56023,693,550,42,0.4883720930232558
56025,3659,3659,0,0
56027,138,0,40,Inf
56029,1449,1449,0,0
56031,508,242,74,6.7272727272727275
56033,1642,1642,0,0
56035,297,12,68,Inf
56037,1524,1524,0,0
56039,463,169,79,Inf
56041,750,667,27,0.2268907563025211
56043,439,139,71,7.1
56045,334,21,70,Inf
